country,granularity,name,confirmed_infected,dead,recovered,timestamp
France,departement,Charente,0.0,,,2020-01-24
France,departement,Charente-Maritime,0.0,,,2020-01-24
France,departement,Corrèze,0.0,,,2020-01-24
France,departement,Creuse,0.0,,,2020-01-24
France,departement,Dordogne,0.0,,,2020-01-24
France,departement,Gironde,1.0,,,2020-01-24
France,departement,Landes,0.0,,,2020-01-24
France,departement,Lot-et-Garonne,0.0,,,2020-01-24
France,departement,Pyrénées-Atlantiques,0.0,,,2020-01-24
France,departement,Deux-Sèvres,0.0,,,2020-01-24
France,departement,Vienne,0.0,,,2020-01-24
France,departement,Haute-Vienne,0.0,,,2020-01-24
France,region,Nouvelle-Aquitaine,1.0,,,2020-01-24
France,departement,Hérault,1.0,,,2020-01-27
France,departement,Haute-Savoie,6.0,,,2020-02-08
France,departement,Gironde,1.0,,,2020-02-24
France,departement,Haute-Savoie,7.0,,,2020-02-25
France,departement,Aisne,0.0,0.0,,2020-02-26
France,departement,Doubs,1.0,,,2020-02-26
France,departement,Nord,0.0,0.0,,2020-02-26
France,departement,Oise,2.0,1.0,,2020-02-26
France,departement,Oise,2.0,,,2020-02-26
France,departement,Pas-de-Calais,0.0,0.0,,2020-02-26
France,departement,Somme,0.0,0.0,,2020-02-26
France,departement,Territoire de Belfort,2.0,,,2020-02-26
France,region,Hauts-de-France,2.0,1.0,,2020-02-26
France,region,Grand-Est,1.0,0.0,,2020-02-26
France,departement,Côte-d'Or,1.0,,,2020-02-27
France,departement,Finistère,1.0,,,2020-02-27
France,departement,Loire-Atlantique,1.0,,,2020-02-27
France,departement,Bas-Rhin,1.0,,,2020-02-27
France,departement,Haute-Savoie,2.0,0.0,,2020-02-27
France,region,Auvergne Rhône-Alpes,2.0,0.0,,2020-02-27
France,departement,Alpes-Maritimes,1.0,,,2020-02-28
France,departement,Charente-Maritime,1.0,,,2020-02-28
France,departement,Côte-d'Or,2.0,,,2020-02-28
France,departement,Finistère,2.0,,,2020-02-28
France,departement,Gironde,2.0,,,2020-02-28
France,departement,Hérault,3.0,,,2020-02-28
France,departement,Landes,1.0,,,2020-02-28
France,departement,Maine-et-Loire,2.0,,,2020-02-28
France,departement,Mayenne,1.0,,,2020-02-28
France,departement,Seine-Maritime,1.0,,,2020-02-28
France,region,Normandie,1.0,,,2020-02-28
France,departement,Aisne,1.0,,,2020-02-29
France,departement,Charente,0.0,,,2020-02-29
France,departement,Charente-Maritime,1.0,,,2020-02-29
France,departement,Corrèze,0.0,,,2020-02-29
France,departement,Creuse,0.0,,,2020-02-29
France,departement,Dordogne,0.0,,,2020-02-29
France,departement,Gironde,2.0,,,2020-02-29
France,departement,Ille-et-Vilaine,2.0,,,2020-02-29
France,departement,Landes,1.0,,,2020-02-29
France,departement,Lot-et-Garonne,0.0,,,2020-02-29
France,departement,Oise,3.0,,,2020-02-29
France,departement,Pyrénées-Atlantiques,0.0,,,2020-02-29
France,departement,Deux-Sèvres,0.0,,,2020-02-29
France,departement,Vienne,0.0,,,2020-02-29
France,departement,Haute-Vienne,0.0,,,2020-02-29
France,region,Nouvelle-Aquitaine,4.0,,,2020-02-29
France,collectivite-outremer,Saint-Barthélemy,1.0,,,2020-03-01
France,collectivite-outremer,Saint-Martin,2.0,,,2020-03-01
France,departement,Aisne,2.0,,,2020-03-01
France,departement,Doubs,6.0,,,2020-03-01
France,departement,Hérault,5.0,,,2020-03-01
France,departement,Ille-et-Vilaine,4.0,,,2020-03-01
France,departement,Morbihan,9.0,,,2020-03-01
France,departement,Pas-de-Calais,1.0,,,2020-03-01
France,departement,Sarthe,1.0,,,2020-03-01
France,departement,Ain,3.0,0.0,,2020-03-02
France,departement,Aisne,4.0,,,2020-03-02
France,departement,Ardennes,0.0,0.0,,2020-03-02
France,departement,Aube,0.0,0.0,,2020-03-02
France,departement,Eure,2.0,0.0,,2020-03-02
France,departement,Finistère,3.0,,,2020-03-02
France,departement,Hérault,6.0,,,2020-03-02
France,departement,Loire-Atlantique,2.0,,,2020-03-02
France,departement,Marne,0.0,0.0,,2020-03-02
France,departement,Haute-Marne,0.0,0.0,,2020-03-02
France,departement,Meurthe-et-Moselle,0.0,0.0,,2020-03-02
France,departement,Meuse,0.0,0.0,,2020-03-02
France,departement,Morbihan,12.0,,,2020-03-02
France,departement,Moselle,0.0,0.0,,2020-03-02
France,departement,Bas-Rhin,2.0,0.0,,2020-03-02
France,departement,Haut-Rhin,3.0,0.0,,2020-03-02
France,departement,Rhône,4.0,0.0,,2020-03-02
France,departement,Haute-Savoie,25.0,0.0,,2020-03-02
France,departement,Vosges,0.0,0.0,,2020-03-02
France,region,Auvergne Rhône-Alpes,32.0,0.0,,2020-03-02
France,region,Normandie,2.0,0.0,,2020-03-02
France,region,Grand-Est,7.0,0.0,,2020-03-02
France,departement,Ain,3.0,0.0,,2020-03-03
France,departement,Aisne,8.0,,,2020-03-03
France,departement,Charente,0.0,,,2020-03-03
France,departement,Charente-Maritime,1.0,,,2020-03-03
France,departement,Corrèze,0.0,,,2020-03-03
France,departement,Creuse,0.0,,,2020-03-03
France,departement,Dordogne,0.0,,,2020-03-03
France,departement,Gard,2.0,,,2020-03-03
France,departement,Gironde,2.0,,,2020-03-03
France,departement,Landes,1.0,,,2020-03-03
France,departement,Loire-Atlantique,3.0,,,2020-03-03
France,departement,Lot-et-Garonne,1.0,,,2020-03-03
France,departement,Pyrénées-Atlantiques,0.0,,,2020-03-03
France,departement,Pyrénées-Atlantiques,1.0,,,2020-03-03
France,departement,Rhône,4.0,0.0,,2020-03-03
France,departement,Saône-et-Loire,1.0,,,2020-03-03
France,departement,Savoie,0.0,0.0,,2020-03-03
France,departement,Drôme,0.0,0.0,,2020-03-03
France,departement,Haute-Savoie,29.0,0.0,,2020-03-03
France,departement,Deux-Sèvres,0.0,,,2020-03-03
France,departement,Vienne,0.0,,,2020-03-03
France,departement,Haute-Vienne,0.0,,,2020-03-03
France,departement,Territoire de Belfort,6.0,,,2020-03-03
France,region,Auvergne Rhône-Alpes,36.0,0.0,,2020-03-03
France,region,Bourgogne-Franche-Comté,15.0,0.0,,2020-03-03
France,region,Nouvelle-Aquitaine,4.0,,,2020-03-03
France,collectivite-outremer,Saint-Barthélemy,1.0,,,2020-03-04
France,collectivite-outremer,Saint-Martin,2.0,,,2020-03-04
France,departement,Ain,4.0,0.0,,2020-03-04
France,departement,Aisne,12.0,,,2020-03-04
France,departement,Alpes-Maritimes,10.0,0.0,,2020-03-04
France,departement,Ardennes,0.0,0.0,,2020-03-04
France,departement,Aube,0.0,0.0,,2020-03-04
France,departement,Aveyron,2.0,,,2020-03-04
France,departement,Bouches-du-Rhône,7.0,0.0,,2020-03-04
France,departement,Charente,0.0,,,2020-03-04
France,departement,Charente-Maritime,1.0,,,2020-03-04
France,departement,Corrèze,0.0,,,2020-03-04
France,departement,Côte-d'Or,1.0,,,2020-03-04
France,departement,Côtes-d'Armor,0.0,0.0,,2020-03-04
France,departement,Creuse,0.0,,,2020-03-04
France,departement,Dordogne,0.0,,,2020-03-04
France,departement,Drôme,2.0,,,2020-03-04
France,departement,Eure,2.0,,,2020-03-04
France,departement,Eure-et-Loir,1.0,,,2020-03-04
France,departement,Finistère,3.0,0.0,,2020-03-04
France,departement,Gironde,2.0,,,2020-03-04
France,departement,Ille-et-Vilaine,4.0,0.0,,2020-03-04
France,departement,Indre-et-Loire,1.0,,,2020-03-04
France,departement,Landes,1.0,,,2020-03-04
France,departement,Loire-Atlantique,4.0,,,2020-03-04
France,departement,Lot-et-Garonne,1.0,,,2020-03-04
France,departement,Marne,1.0,0.0,,2020-03-04
France,departement,Haute-Marne,0.0,0.0,,2020-03-04
France,departement,Meurthe-et-Moselle,0.0,0.0,,2020-03-04
France,departement,Meuse,0.0,0.0,,2020-03-04
France,departement,Morbihan,17.0,,,2020-03-04
France,departement,Moselle,0.0,0.0,,2020-03-04
France,departement,Nord,1.0,,,2020-03-04
France,departement,Oise,,3.0,,2020-03-04
France,departement,Pyrénées-Atlantiques,1.0,,,2020-03-04
France,departement,Bas-Rhin,5.0,0.0,,2020-03-04
France,departement,Haut-Rhin,16.0,0.0,,2020-03-04
France,departement,Rhône,4.0,0.0,,2020-03-04
France,departement,Haute-Saône,1.0,,,2020-03-04
France,departement,Saône-et-Loire,2.0,,,2020-03-04
France,departement,Savoie,2.0,0.0,,2020-03-04
France,departement,Drôme,1.0,0.0,,2020-03-04
France,departement,Haute-Savoie,39.0,0.0,,2020-03-04
France,departement,Deux-Sèvres,0.0,,,2020-03-04
France,departement,Vaucluse,1.0,0.0,,2020-03-04
France,departement,Vienne,0.0,,,2020-03-04
France,departement,Haute-Vienne,0.0,,,2020-03-04
France,departement,Vosges,1.0,0.0,,2020-03-04
France,departement,Territoire de Belfort,7.0,,,2020-03-04
France,departement,Guyane,5.0,,,2020-03-04
France,departement,Guyane,5.0,,,2020-03-04
France,pays,France,285.0,4.0,15.0,2020-03-04
France,region,Guadeloupe,0.0,,,2020-03-04
France,region,Martinique,0.0,,,2020-03-04
France,region,Guyane,5.0,0.0,,2020-03-04
France,region,Guyane,0.0,,,2020-03-04
France,region,La Réunion,0.0,,,2020-03-04
France,region,Mayotte,0.0,,,2020-03-04
France,region,Ile-de-France,55.0,,,2020-03-04
France,region,Centre-Val de Loire,0.0,,,2020-03-04
France,region,Auvergne Rhône-Alpes,51.0,0.0,4.0,2020-03-04
France,region,Bourgogne-Franche-Comté,19.0,0.0,,2020-03-04
France,region,Bourgogne-Franche-Comté,16.0,,,2020-03-04
France,region,Normandie,2.0,,,2020-03-04
France,region,Hauts-de-France,65.0,,,2020-03-04
France,region,Grand-Est,26.0,0.0,,2020-03-04
France,region,Grand Est,38.0,,,2020-03-04
France,region,Pays de la Loire,7.0,,,2020-03-04
France,region,Bretagne,24.0,,,2020-03-04
France,region,Bretagne,23.0,,,2020-03-04
France,region,Nouvelle-Aquitaine,5.0,,,2020-03-04
France,region,Nouvelle-Aquitaine,5.0,,,2020-03-04
France,region,Occitanie,9.0,,,2020-03-04
France,region,Auvergne-Rhône-Alpes,49.0,,,2020-03-04
France,region,Provence-Alpes-Côte d’Azur,18.0,0.0,,2020-03-04
France,region,Provence-Alpes-Côte d’Azur,13.0,,,2020-03-04
France,region,Corse,0.0,,,2020-03-04
France,monde,Monde,93076.0,3202.0,,2020-03-04
France,collectivite-outremer,Saint-Barthélemy,1.0,,,2020-03-05
France,collectivite-outremer,Saint-Martin,2.0,,,2020-03-05
France,departement,Ain,4.0,0.0,,2020-03-05
France,departement,Aisne,14.0,,,2020-03-05
France,departement,Hautes-Alpes,3.0,0.0,,2020-03-05
France,departement,Alpes-Maritimes,14.0,0.0,,2020-03-05
France,departement,Aveyron,4.0,,,2020-03-05
France,departement,Bouches-du-Rhône,7.0,0.0,,2020-03-05
France,departement,Calvados,1.0,,,2020-03-05
France,departement,Charente,0.0,,,2020-03-05
France,departement,Charente-Maritime,1.0,,,2020-03-05
France,departement,Cher,0.0,0.0,,2020-03-05
France,departement,Corrèze,0.0,,,2020-03-05
France,departement,Côtes-d'Armor,0.0,0.0,,2020-03-05
France,departement,Creuse,0.0,,,2020-03-05
France,departement,Dordogne,0.0,,,2020-03-05
France,departement,Doubs,17.0,,,2020-03-05
France,departement,Drôme,3.0,0.0,,2020-03-05
France,departement,Eure-et-Loir,1.0,0.0,,2020-03-05
France,departement,Finistère,3.0,0.0,,2020-03-05
France,departement,Corse du Sud,3.0,0.0,,2020-03-05
France,departement,Corse-du-Sud,3.0,,,2020-03-05
France,departement,Haute-Corse,0.0,0.0,,2020-03-05
France,departement,Haute-Garonne,1.0,,,2020-03-05
France,departement,Gironde,2.0,,,2020-03-05
France,departement,Hérault,9.0,,,2020-03-05
France,departement,Ille-et-Vilaine,5.0,0.0,,2020-03-05
France,departement,Indre,0.0,0.0,,2020-03-05
France,departement,Indre-et-Loire,1.0,0.0,,2020-03-05
France,departement,Landes,1.0,,,2020-03-05
France,departement,Loir-et-Cher,0.0,0.0,,2020-03-05
France,departement,Loiret,1.0,0.0,,2020-03-05
France,departement,Loiret,1.0,,,2020-03-05
France,departement,Lot-et-Garonne,3.0,,,2020-03-05
France,departement,Lot-et-Garonne,2.0,,,2020-03-05
France,departement,Manche,3.0,,,2020-03-05
France,departement,Morbihan,23.0,,,2020-03-05
France,departement,Oise,,5.0,,2020-03-05
France,departement,Oise,6.0,,,2020-03-05
France,departement,Puy-de-Dôme,3.0,,,2020-03-05
France,departement,Pyrénées-Atlantiques,1.0,,,2020-03-05
France,departement,Rhône,12.0,0.0,,2020-03-05
France,departement,Saône-et-Loire,5.0,,,2020-03-05
France,departement,Savoie,2.0,0.0,,2020-03-05
France,departement,Haute-Savoie,39.0,0.0,2.0,2020-03-05
France,departement,Paris,17.0,,,2020-03-05
France,departement,Seine-et-Marne,3.0,,,2020-03-05
France,departement,Yvelines,1.0,,,2020-03-05
France,departement,Deux-Sèvres,1.0,,,2020-03-05
France,departement,Deux-Sèvres,1.0,,,2020-03-05
France,departement,Somme,2.0,,,2020-03-05
France,departement,Var,1.0,0.0,,2020-03-05
France,departement,Vaucluse,1.0,0.0,,2020-03-05
France,departement,Vienne,0.0,,,2020-03-05
France,departement,Haute-Vienne,0.0,,,2020-03-05
France,departement,Territoire de Belfort,18.0,,,2020-03-05
France,departement,Essone,1.0,,,2020-03-05
France,departement,Hauts-de-Seine,10.0,,,2020-03-05
France,departement,Seine-Saint-Denis,7.0,,,2020-03-05
France,departement,Val-de-Marne,7.0,,,2020-03-05
France,departement,Val-d'Oise,12.0,,,2020-03-05
France,departement,Martinique,2.0,,,2020-03-05
France,pays,France,423.0,5.0,23.0,2020-03-05
France,region,Guadeloupe,0.0,,,2020-03-05
France,region,Martinique,0.0,,,2020-03-05
France,region,Guyane,5.0,,,2020-03-05
France,region,La Réunion,0.0,,,2020-03-05
France,region,Mayotte,0.0,,,2020-03-05
France,region,Ile-de-France,77.0,,,2020-03-05
France,region,Ile-de-France,76.0,,,2020-03-05
France,region,Centre Val de Loire,3.0,,,2020-03-05
France,region,Centre-Val de Loire,2.0,,,2020-03-05
France,region,Auvergne Rhône-Alpes,63.0,0.0,,2020-03-05
France,region,Bourgogne-Franche-Comté,44.0,0.0,,2020-03-05
France,region,Bourgogne-Franche-Comté,39.0,,,2020-03-05
France,region,Normandie,6.0,,,2020-03-05
France,region,Hauts-de-France,74.0,,,2020-03-05
France,region,Grand Est,77.0,,,2020-03-05
France,region,Pays de la Loire,8.0,,,2020-03-05
France,region,Bretagne,31.0,,,2020-03-05
France,region,Bretagne,29.0,,,2020-03-05
France,region,Nouvelle-Aquitaine,8.0,,,2020-03-05
France,region,Nouvelle-Aquitaine,8.0,,,2020-03-05
France,region,Occitanie,11.0,,,2020-03-05
France,region,Auvergne-Rhône-Alpes,64.0,,,2020-03-05
France,region,Provence-Alpes-Côte d’Azur,26.0,0.0,,2020-03-05
France,region,Provence-Alpes-Côte d’Azur,18.0,,,2020-03-05
France,region,Corse,3.0,0.0,0.0,2020-03-05
France,region,Corse,3.0,,,2020-03-05
France,monde,Monde,95315.0,3282.0,,2020-03-05
France,collectivite-outremer,Saint-Barthélémy,1.0,,,2020-03-06
France,collectivite-outremer,Saint-Barthélemy,1.0,,,2020-03-06
France,collectivite-outremer,Saint-Martin,2.0,,,2020-03-06
France,collectivite-outremer,Saint-Martin,2.0,,,2020-03-06
France,departement,Ain,4.0,0.0,,2020-03-06
France,departement,Aisne,20.0,,,2020-03-06
France,departement,Hautes-Alpes,5.0,0.0,,2020-03-06
France,departement,Alpes-Maritimes,17.0,0.0,,2020-03-06
France,departement,Ardèche,2.0,0.0,,2020-03-06
France,departement,Bouches-du-Rhône,7.0,0.0,,2020-03-06
France,departement,Charente,1.0,,,2020-03-06
France,departement,Charente,1.0,,,2020-03-06
France,departement,Charente-Maritime,2.0,,,2020-03-06
France,departement,Charente-Maritime,2.0,,,2020-03-06
France,departement,Cher,0.0,0.0,,2020-03-06
France,departement,Corrèze,0.0,,,2020-03-06
France,departement,Côte-d'Or,5.0,,,2020-03-06
France,departement,Côtes-d'Armor,0.0,0.0,,2020-03-06
France,departement,Creuse,0.0,,,2020-03-06
France,departement,Dordogne,1.0,,,2020-03-06
France,departement,Dordogne,1.0,,,2020-03-06
France,departement,Doubs,30.0,,,2020-03-06
France,departement,Drôme,3.0,0.0,2.0,2020-03-06
France,departement,Eure-et-Loir,1.0,0.0,,2020-03-06
France,departement,Finistère,4.0,0.0,,2020-03-06
France,departement,Corse du Sud,3.0,0.0,,2020-03-06
France,departement,Corse-du-Sud,5.0,,,2020-03-06
France,departement,Haute-Corse,2.0,0.0,,2020-03-06
France,departement,Haute-Corse,2.0,,,2020-03-06
France,departement,Gard,3.0,,,2020-03-06
France,departement,Haute-Garonne,2.0,,,2020-03-06
France,departement,Gironde,2.0,,,2020-03-06
France,departement,Hérault,11.0,,,2020-03-06
France,departement,Ille-et-Vilaine,6.0,0.0,,2020-03-06
France,departement,Indre,0.0,0.0,,2020-03-06
France,departement,Indre-et-Loire,2.0,0.0,,2020-03-06
France,departement,Indre-et-Loire,2.0,,,2020-03-06
France,departement,Jura,2.0,,,2020-03-06
France,departement,Landes,1.0,,,2020-03-06
France,departement,Loir-et-Cher,0.0,0.0,,2020-03-06
France,departement,Loire,1.0,0.0,,2020-03-06
France,departement,Loire-Atlantique,4.0,,,2020-03-06
France,departement,Loire-Atlantique,5.0,,,2020-03-06
France,departement,Loiret,4.0,0.0,,2020-03-06
France,departement,Loiret,4.0,,,2020-03-06
France,departement,Lot,1.0,,,2020-03-06
France,departement,Lot-et-Garonne,3.0,,,2020-03-06
France,departement,Maine-et-Loire,3.0,,,2020-03-06
France,departement,Maine-et-Loire,3.0,,,2020-03-06
France,departement,Manche,6.0,,,2020-03-06
France,departement,Marne,2.0,,,2020-03-06
France,departement,Mayenne,1.0,,,2020-03-06
France,departement,Meuse,1.0,,,2020-03-06
France,departement,Morbihan,24.0,,,2020-03-06
France,departement,Moselle,1.0,,,2020-03-06
France,departement,Nord,4.0,,,2020-03-06
France,departement,Puy-de-Dôme,5.0,0.0,,2020-03-06
France,departement,Pyrénées-Atlantiques,1.0,,,2020-03-06
France,departement,Haut-Rhin,80.0,,,2020-03-06
France,departement,Rhône,21.0,0.0,1.0,2020-03-06
France,departement,Haute-Saône,3.0,,,2020-03-06
France,departement,Saône-et-Loire,8.0,,,2020-03-06
France,departement,Sarthe,3.0,,,2020-03-06
France,departement,Sarthe,3.0,,,2020-03-06
France,departement,Savoie,3.0,0.0,,2020-03-06
France,departement,Haute-Savoie,48.0,0.0,2.0,2020-03-06
France,departement,Paris,19.0,,,2020-03-06
France,departement,Seine-Maritime,2.0,,,2020-03-06
France,departement,Seine-et-Marne,8.0,,,2020-03-06
France,departement,Yvelines,3.0,,,2020-03-06
France,departement,Deux-Sèvres,1.0,,,2020-03-06
France,departement,Somme,3.0,,,2020-03-06
France,departement,Tarn,2.0,,,2020-03-06
France,departement,Tarn-et-Garonne,3.0,,,2020-03-06
France,departement,Var,1.0,0.0,,2020-03-06
France,departement,Vaucluse,1.0,0.0,,2020-03-06
France,departement,Vendee,1.0,,,2020-03-06
France,departement,Vendée,1.0,,,2020-03-06
France,departement,Vienne,0.0,,,2020-03-06
France,departement,Haute-Vienne,0.0,,,2020-03-06
France,departement,Vosges,2.0,,,2020-03-06
France,departement,Yonne,2.0,,,2020-03-06
France,departement,Territoire de Belfort,30.0,,,2020-03-06
France,departement,Essone,2.0,,,2020-03-06
France,departement,Hauts-de-Seine,10.0,,,2020-03-06
France,departement,Seine-Saint-Denis,12.0,,,2020-03-06
France,departement,Val-de-Marne,9.0,,,2020-03-06
France,departement,Val-d'Oise,26.0,1.0,,2020-03-06
France,pays,France,613.0,9.0,39.0,2020-03-06
France,region,Guadeloupe,0.0,,,2020-03-06
France,region,Martinique,2.0,,,2020-03-06
France,region,Guyane,5.0,,,2020-03-06
France,region,La Réunion,0.0,,,2020-03-06
France,region,Mayotte,0.0,,,2020-03-06
France,region,Ile-de-France,131.0,1.0,,2020-03-06
France,region,Ile-de-France,89.0,,,2020-03-06
France,region,Centre Val de Loire,7.0,,,2020-03-06
France,region,Centre-Val de Loire,11.0,,,2020-03-06
France,region,Auvergne Rhône-Alpes,87.0,0.0,,2020-03-06
France,region,Bourgogne-Franche-Comté,80.0,0.0,,2020-03-06
France,region,Bourgogne-Franche-Comté,78.0,,,2020-03-06
France,region,Normandie,11.0,,,2020-03-06
France,region,Hauts-de-France,97.0,,,2020-03-06
France,region,Grand-Est,81.0,0.0,,2020-03-06
France,region,Grand-Est,81.0,0.0,,2020-03-06
France,region,Grand Est,136.0,,,2020-03-06
France,region,Pays de la Loire,12.0,,,2020-03-06
France,region,Pays de la Loire,16.0,,,2020-03-06
France,region,Bretagne,34.0,,,2020-03-06
France,region,Bretagne,32.0,,,2020-03-06
France,region,Nouvelle-Aquitaine,11.0,,,2020-03-06
France,region,Nouvelle-Aquitaine,11.0,,,2020-03-06
France,region,Occitanie,18.0,,,2020-03-06
France,region,Auvergne-Rhône-Alpes,75.0,,,2020-03-06
France,region,Provence-Alpes-Côte d’Azur,31.0,0.0,,2020-03-06
France,region,Provence-Alpes-Côte d’Azur,26.0,,,2020-03-06
France,region,Corse,5.0,0.0,0.0,2020-03-06
France,region,Corse,3.0,,,2020-03-06
France,monde,Monde,98171.0,3385.0,,2020-03-06
France,collectivite-outremer,Saint-Barthélemy,1.0,,,2020-03-07
France,collectivite-outremer,Saint-Martin,2.0,,,2020-03-07
France,departement,Ain,7.0,0.0,,2020-03-07
France,departement,Hautes-Alpes,6.0,0.0,,2020-03-07
France,departement,Alpes-Maritimes,17.0,0.0,,2020-03-07
France,departement,Ardèche,2.0,0.0,,2020-03-07
France,departement,Aude,3.0,0.0,,2020-03-07
France,departement,Aveyron,4.0,0.0,,2020-03-07
France,departement,Bouches-du-Rhône,10.0,0.0,,2020-03-07
France,departement,Calvados,1.0,0.0,,2020-03-07
France,departement,Charente,1.0,,,2020-03-07
France,departement,Charente-Maritime,2.0,,,2020-03-07
France,departement,Corrèze,0.0,,,2020-03-07
France,departement,Côte-d'Or,7.0,,,2020-03-07
France,departement,Côtes-d'Armor,0.0,0.0,,2020-03-07
France,departement,Creuse,0.0,,,2020-03-07
France,departement,Dordogne,0.0,,,2020-03-07
France,departement,Doubs,39.0,,,2020-03-07
France,departement,Drôme,16.0,0.0,2.0,2020-03-07
France,departement,Eure,1.0,0.0,,2020-03-07
France,departement,Finistère,5.0,0.0,,2020-03-07
France,departement,Corse du Sud,14.0,0.0,,2020-03-07
France,departement,Corse-du-Sud,12.0,,,2020-03-07
France,departement,Haute-Corse,5.0,0.0,,2020-03-07
France,departement,Haute-Corse,5.0,,,2020-03-07
France,departement,Gard,3.0,0.0,,2020-03-07
France,departement,Haute-Garonne,2.0,0.0,,2020-03-07
France,departement,Gironde,3.0,,,2020-03-07
France,departement,Gironde,3.0,,,2020-03-07
France,departement,Hérault,11.0,0.0,,2020-03-07
France,departement,Ille-et-Vilaine,7.0,0.0,,2020-03-07
France,departement,Isère,1.0,,,2020-03-07
France,departement,Jura,4.0,,,2020-03-07
France,departement,Landes,1.0,,,2020-03-07
France,departement,Loire,2.0,0.0,1.0,2020-03-07
France,departement,Lot,1.0,0.0,,2020-03-07
France,departement,Lot-et-Garonne,6.0,,,2020-03-07
France,departement,Lot-et-Garonne,5.0,,,2020-03-07
France,departement,Maine-et-Loire,4.0,,,2020-03-07
France,departement,Manche,6.0,0.0,,2020-03-07
France,departement,Haute-Marne,1.0,,,2020-03-07
France,departement,Morbihan,35.0,,,2020-03-07
France,departement,Moselle,8.0,,,2020-03-07
France,departement,Nièvre,0.0,0.0,,2020-03-07
France,departement,Oise,,7.0,,2020-03-07
France,departement,Oise,7.0,,,2020-03-07
France,departement,Orne,0.0,0.0,,2020-03-07
France,departement,Pas-de-Calais,3.0,,,2020-03-07
France,departement,Puy-de-Dôme,5.0,0.0,,2020-03-07
France,departement,Pyrénées-Atlantiques,2.0,,,2020-03-07
France,departement,Pyrénées-Atlantiques,2.0,,,2020-03-07
France,departement,Bas-Rhin,46.0,,,2020-03-07
France,departement,Rhône,32.0,0.0,5.0,2020-03-07
France,departement,Haute-Saône,5.0,,,2020-03-07
France,departement,Saône-et-Loire,10.0,,,2020-03-07
France,departement,Savoie,3.0,0.0,1.0,2020-03-07
France,departement,Haute-Savoie,58.0,0.0,3.0,2020-03-07
France,departement,Paris,21.0,,,2020-03-07
France,departement,Seine-Maritime,2.0,1.0,,2020-03-07
France,departement,Seine-et-Marne,8.0,,,2020-03-07
France,departement,Yvelines,7.0,,,2020-03-07
France,departement,Deux-Sèvres,1.0,,,2020-03-07
France,departement,Tarn,2.0,0.0,,2020-03-07
France,departement,Tarn-et-Garonne,3.0,0.0,,2020-03-07
France,departement,Var,2.0,0.0,,2020-03-07
France,departement,Vaucluse,2.0,0.0,,2020-03-07
France,departement,Vienne,0.0,,,2020-03-07
France,departement,Haute-Vienne,0.0,,,2020-03-07
France,departement,Yonne,0.0,0.0,,2020-03-07
France,departement,Territoire de Belfort,38.0,,,2020-03-07
France,departement,Essone,5.0,,,2020-03-07
France,departement,Hauts-de-Seine,11.0,,,2020-03-07
France,departement,Seine-Saint-Denis,13.0,,,2020-03-07
France,departement,Val-de-Marne,10.0,,,2020-03-07
France,departement,Val-d'Oise,31.0,1.0,,2020-03-07
France,pays,France,949.0,11.0,45.0,2020-03-07
France,region,Guadeloupe,0.0,,,2020-03-07
France,region,Martinique,2.0,,,2020-03-07
France,region,Guyane,5.0,,,2020-03-07
France,region,La Réunion,0.0,,,2020-03-07
France,region,Mayotte,0.0,,,2020-03-07
France,region,Ile-de-France,161.0,1.0,,2020-03-07
France,region,Ile-de-France,104.0,,,2020-03-07
France,region,Centre-Val de Loire,16.0,,,2020-03-07
France,region,Auvergne Rhône-Alpes,125.0,0.0,,2020-03-07
France,region,Bourgogne-Franche-Comté,106.0,0.0,,2020-03-07
France,region,Bourgogne-Franche-Comté,129.0,,,2020-03-07
France,region,Normandie,10.0,1.0,,2020-03-07
France,region,Normandie,11.0,,,2020-03-07
France,region,Hauts-de-France,173.0,,,2020-03-07
France,region,Grand Est,250.0,,,2020-03-07
France,region,Pays de la Loire,18.0,,,2020-03-07
France,region,Bretagne,47.0,,,2020-03-07
France,region,Bretagne,40.0,,,2020-03-07
France,region,Nouvelle-Aquitaine,15.0,,,2020-03-07
France,region,Nouvelle-Aquitaine,17.0,,,2020-03-07
France,region,Occitanie,29.0,,1.0,2020-03-07
France,region,Occitanie,36.0,,,2020-03-07
France,region,Auvergne-Rhône-Alpes,102.0,,,2020-03-07
France,region,Provence-Alpes-Côte d’Azur,37.0,0.0,,2020-03-07
France,region,Provence-Alpes-Côte d’Azur,38.0,,,2020-03-07
France,region,Corse,19.0,0.0,0.0,2020-03-07
France,region,Corse,5.0,,,2020-03-07
France,monde,Monde,101855.0,3488.0,,2020-03-07
France,departement,Ain,8.0,0.0,,2020-03-08
France,departement,Aisne,21.0,,,2020-03-08
France,departement,Alpes-de-Haute-Provence,0.0,0.0,,2020-03-08
France,departement,Hautes-Alpes,8.0,0.0,,2020-03-08
France,departement,Alpes-Maritimes,21.0,0.0,,2020-03-08
France,departement,Ardèche,3.0,0.0,,2020-03-08
France,departement,Ardennes,1.0,0.0,,2020-03-08
France,departement,Aube,1.0,0.0,,2020-03-08
France,departement,Aude,8.0,,,2020-03-08
France,departement,Aveyron,8.0,,,2020-03-08
France,departement,Bouches-du-Rhône,15.0,0.0,,2020-03-08
France,departement,Calvados,2.0,0.0,,2020-03-08
France,departement,Charente,1.0,,,2020-03-08
France,departement,Charente-Maritime,7.0,,,2020-03-08
France,departement,Charente-Maritime,7.0,,,2020-03-08
France,departement,Cher,0.0,0.0,,2020-03-08
France,departement,Corrèze,1.0,,,2020-03-08
France,departement,Corrèze,1.0,,,2020-03-08
France,departement,Côtes-d'Armor,0.0,0.0,,2020-03-08
France,departement,Creuse,0.0,,,2020-03-08
France,departement,Dordogne,0.0,,,2020-03-08
France,departement,Doubs,41.0,,,2020-03-08
France,departement,Drôme,16.0,1.0,1.0,2020-03-08
France,departement,Eure,6.0,0.0,,2020-03-08
France,departement,Eure-et-Loir,5.0,0.0,,2020-03-08
France,departement,Eure-et-Loir,5.0,,,2020-03-08
France,departement,Finistère,5.0,0.0,,2020-03-08
France,departement,Gers,1.0,,,2020-03-08
France,departement,Gironde,4.0,,,2020-03-08
France,departement,Gironde,4.0,,,2020-03-08
France,departement,Hérault,18.0,,,2020-03-08
France,departement,Ille-et-Vilaine,7.0,0.0,,2020-03-08
France,departement,Indre,0.0,0.0,,2020-03-08
France,departement,Indre-et-Loire,5.0,0.0,,2020-03-08
France,departement,Indre-et-Loire,5.0,,,2020-03-08
France,departement,Landes,1.0,,,2020-03-08
France,departement,Loir-et-Cher,0.0,0.0,,2020-03-08
France,departement,Loire,6.0,0.0,2.0,2020-03-08
France,departement,Loire-Atlantique,8.0,,,2020-03-08
France,departement,Loire-Atlantique,8.0,,,2020-03-08
France,departement,Loiret,7.0,0.0,,2020-03-08
France,departement,Loiret,7.0,,,2020-03-08
France,departement,Lot-et-Garonne,11.0,,,2020-03-08
France,departement,Lot-et-Garonne,10.0,,,2020-03-08
France,departement,Maine-et-Loire,6.0,,,2020-03-08
France,departement,Maine-et-Loire,7.0,,,2020-03-08
France,departement,Manche,6.0,0.0,,2020-03-08
France,departement,Marne,5.0,0.0,,2020-03-08
France,departement,Haute-Marne,1.0,0.0,,2020-03-08
France,departement,Mayenne,1.0,,,2020-03-08
France,departement,Meurthe-et-Moselle,10.0,0.0,,2020-03-08
France,departement,Meuse,2.0,0.0,,2020-03-08
France,departement,Morbihan,47.0,,,2020-03-08
France,departement,Moselle,16.0,1.0,,2020-03-08
France,departement,Nièvre,0.0,0.0,,2020-03-08
France,departement,Nord,5.0,,,2020-03-08
France,departement,Oise,9.0,,,2020-03-08
France,departement,Orne,0.0,0.0,,2020-03-08
France,departement,Puy-de-Dôme,7.0,0.0,,2020-03-08
France,departement,Pyrénées-Atlantiques,2.0,,,2020-03-08
France,departement,Bas-Rhin,46.0,0.0,,2020-03-08
France,departement,Haut-Rhin,162.0,2.0,,2020-03-08
France,departement,Rhône,44.0,0.0,6.0,2020-03-08
France,departement,Sarthe,5.0,,,2020-03-08
France,departement,Sarthe,5.0,,,2020-03-08
France,departement,Savoie,3.0,0.0,,2020-03-08
France,departement,Haute-Savoie,59.0,0.0,3.0,2020-03-08
France,departement,Paris,26.0,,,2020-03-08
France,departement,Seine-Maritime,8.0,1.0,,2020-03-08
France,departement,Seine-et-Marne,12.0,,,2020-03-08
France,departement,Yvelines,13.0,,,2020-03-08
France,departement,Deux-Sèvres,1.0,,,2020-03-08
France,departement,Somme,4.0,0.0,,2020-03-08
France,departement,Var,5.0,0.0,,2020-03-08
France,departement,Vaucluse,3.0,0.0,,2020-03-08
France,departement,Vendee,4.0,,,2020-03-08
France,departement,Vendée,4.0,,,2020-03-08
France,departement,Vienne,1.0,,,2020-03-08
France,departement,Vienne,1.0,,,2020-03-08
France,departement,Haute-Vienne,0.0,,,2020-03-08
France,departement,Vosges,15.0,0.0,,2020-03-08
France,departement,Yonne,4.0,,,2020-03-08
France,departement,Territoire de Belfort,41.0,,,2020-03-08
France,departement,Essone,6.0,,,2020-03-08
France,departement,Hauts-de-Seine,19.0,,,2020-03-08
France,departement,Seine-Saint-Denis,16.0,,,2020-03-08
France,departement,Val-de-Marne,13.0,,,2020-03-08
France,departement,Val-d'Oise,39.0,1.0,,2020-03-08
France,pays,France,1126.0,19.0,,2020-03-08
France,region,Ile-de-France,226.0,1.0,,2020-03-08
France,region,Centre Val de Loire,17.0,,,2020-03-08
France,region,Auvergne Rhône-Alpes,146.0,1.0,,2020-03-08
France,region,Bourgogne-Franche-Comté,112.0,0.0,,2020-03-08
France,region,Normandie,22.0,1.0,,2020-03-08
France,region,Grand Est,262.0,3.0,45.0,2020-03-08
France,region,Pays de la Loire,24.0,,,2020-03-08
France,region,Bretagne,59.0,,,2020-03-08
France,region,Nouvelle-Aquitaine,29.0,,,2020-03-08
France,region,Provence-Alpes-Côte d’Azur,52.0,0.0,,2020-03-08
France,monde,Monde,105828.0,3584.0,,2020-03-08
France,collectivite-outremer,Saint-Barthélémy,1.0,,,2020-03-09
France,collectivite-outremer,Saint-Martin,2.0,,,2020-03-09
France,departement,Ain,17.0,0.0,,2020-03-09
France,departement,Aisne,26.0,2.0,,2020-03-09
France,departement,Aisne,28.0,,,2020-03-09
France,departement,Alpes-de-Haute-Provence,1.0,0.0,,2020-03-09
France,departement,Hautes-Alpes,12.0,0.0,,2020-03-09
France,departement,Alpes-Maritimes,22.0,0.0,,2020-03-09
France,departement,Ardèche,6.0,0.0,,2020-03-09
France,departement,Ardennes,1.0,0.0,,2020-03-09
France,departement,Aube,1.0,0.0,,2020-03-09
France,departement,Aude,14.0,0.0,,2020-03-09
France,departement,Aveyron,8.0,0.0,,2020-03-09
France,departement,Bouches-du-Rhône,25.0,0.0,,2020-03-09
France,departement,Calvados,2.0,0.0,,2020-03-09
France,departement,Charente,1.0,,,2020-03-09
France,departement,Charente-Maritime,7.0,,,2020-03-09
France,departement,Corrèze,2.0,,,2020-03-09
France,departement,Corrèze,2.0,,,2020-03-09
France,departement,Côtes-d'Armor,0.0,0.0,,2020-03-09
France,departement,Creuse,0.0,,,2020-03-09
France,departement,Dordogne,2.0,,,2020-03-09
France,departement,Dordogne,3.0,,,2020-03-09
France,departement,Doubs,44.0,,,2020-03-09
France,departement,Drôme,16.0,1.0,,2020-03-09
France,departement,Eure,7.0,0.0,,2020-03-09
France,departement,Finistère,5.0,0.0,,2020-03-09
France,departement,Corse du Sud,33.0,1.0,2.0,2020-03-09
France,departement,Corse-du-Sud,23.0,,,2020-03-09
France,departement,Haute-Corse,5.0,0.0,,2020-03-09
France,departement,Haute-Corse,6.0,,,2020-03-09
France,departement,Gard,3.0,0.0,,2020-03-09
France,departement,Haute-Garonne,3.0,0.0,,2020-03-09
France,departement,Gers,1.0,0.0,,2020-03-09
France,departement,Gironde,4.0,,,2020-03-09
France,departement,Hérault,24.0,0.0,,2020-03-09
France,departement,Ille-et-Vilaine,11.0,0.0,,2020-03-09
France,departement,Isère,1.0,0.0,,2020-03-09
France,departement,Landes,1.0,,,2020-03-09
France,departement,Loire,15.0,0.0,,2020-03-09
France,departement,Loire-Atlantique,9.0,,,2020-03-09
France,departement,Lot,2.0,0.0,,2020-03-09
France,departement,Lot-et-Garonne,16.0,,,2020-03-09
France,departement,Lot-et-Garonne,15.0,,,2020-03-09
France,departement,Manche,6.0,0.0,,2020-03-09
France,departement,Manche,6.0,0.0,,2020-03-09
France,departement,Marne,5.0,0.0,,2020-03-09
France,departement,Haute-Marne,1.0,0.0,,2020-03-09
France,departement,Meurthe-et-Moselle,11.0,0.0,,2020-03-09
France,departement,Meuse,3.0,0.0,,2020-03-09
France,departement,Morbihan,55.0,,,2020-03-09
France,departement,Moselle,22.0,1.0,,2020-03-09
France,departement,Nièvre,0.0,0.0,,2020-03-09
France,departement,Nord,14.0,0.0,,2020-03-09
France,departement,Oise,127.0,10.0,,2020-03-09
France,departement,Oise,,8.0,,2020-03-09
France,departement,Orne,0.0,0.0,,2020-03-09
France,departement,Pas-de-Calais,6.0,1.0,,2020-03-09
France,departement,Pas-de-Calais,4.0,,,2020-03-09
France,departement,Puy-de-Dôme,7.0,0.0,,2020-03-09
France,departement,Pyrénées-Atlantiques,2.0,,,2020-03-09
France,departement,Bas-Rhin,53.0,0.0,,2020-03-09
France,departement,Haut-Rhin,193.0,2.0,,2020-03-09
France,departement,Rhône,49.0,1.0,,2020-03-09
France,departement,Saône-et-Loire,11.0,,,2020-03-09
France,departement,Savoie,3.0,1.0,,2020-03-09
France,departement,Haute-Savoie,66.0,0.0,,2020-03-09
France,departement,Paris,27.0,,,2020-03-09
France,departement,Seine-Maritime,10.0,1.0,,2020-03-09
France,departement,Seine-et-Marne,13.0,,,2020-03-09
France,departement,Yvelines,25.0,,,2020-03-09
France,departement,Deux-Sèvres,1.0,,,2020-03-09
France,departement,Somme,8.0,2.0,,2020-03-09
France,departement,Somme,11.0,2.0,,2020-03-09
France,departement,Tarn,2.0,0.0,,2020-03-09
France,departement,Tarn-et-Garonne,3.0,0.0,,2020-03-09
France,departement,Var,9.0,0.0,,2020-03-09
France,departement,Vaucluse,3.0,0.0,,2020-03-09
France,departement,Vienne,3.0,,,2020-03-09
France,departement,Vienne,3.0,,,2020-03-09
France,departement,Haute-Vienne,0.0,,,2020-03-09
France,departement,Vosges,17.0,1.0,,2020-03-09
France,departement,Territoire de Belfort,44.0,,,2020-03-09
France,departement,Essone,7.0,,,2020-03-09
France,departement,Hauts-de-Seine,20.0,,,2020-03-09
France,departement,Seine-Saint-Denis,16.0,,,2020-03-09
France,departement,Val-de-Marne,15.0,,,2020-03-09
France,departement,Val-d'Oise,45.0,1.0,,2020-03-09
France,departement,Martinique,3.0,,,2020-03-09
France,pays,France,1412.0,30.0,,2020-03-09
France,region,Ile-de-France,283.0,1.0,,2020-03-09
France,region,Auvergne Rhône-Alpes,182.0,3.0,,2020-03-09
France,region,Bourgogne-Franche-Comté,119.0,0.0,,2020-03-09
France,region,Normandie,25.0,1.0,,2020-03-09
France,region,Hauts-de-France,181.0,15.0,,2020-03-09
France,region,Grand-Est,310.0,4.0,,2020-03-09
France,region,Bretagne,71.0,,,2020-03-09
France,region,Nouvelle-Aquitaine,39.0,,,2020-03-09
France,region,Occitanie,60.0,,2.0,2020-03-09
France,region,Provence-Alpes-Côte d’Azur,72.0,0.0,,2020-03-09
France,region,Corse,38.0,1.0,2.0,2020-03-09
France,monde,Monde,109695.0,3811.0,,2020-03-09
France,collectivite-outremer,Saint-Barthélemy,1.0,,,2020-03-10
France,collectivite-outremer,Saint-Martin,2.0,,,2020-03-10
France,departement,Ain,23.0,0.0,,2020-03-10
France,departement,Aisne,30.0,2.0,,2020-03-10
France,departement,Alpes-de-Haute-Provence,2.0,0.0,,2020-03-10
France,departement,Hautes-Alpes,14.0,0.0,,2020-03-10
France,departement,Alpes-Maritimes,23.0,0.0,,2020-03-10
France,departement,Ardèche,6.0,0.0,,2020-03-10
France,departement,Ardennes,1.0,0.0,,2020-03-10
France,departement,Aube,1.0,0.0,,2020-03-10
France,departement,Aude,22.0,,,2020-03-10
France,departement,Aveyron,9.0,,,2020-03-10
France,departement,Bouches-du-Rhône,37.0,0.0,,2020-03-10
France,departement,Calvados,2.0,0.0,,2020-03-10
France,departement,Charente,1.0,,,2020-03-10
France,departement,Charente-Maritime,13.0,,,2020-03-10
France,departement,Charente-Maritime,13.0,,,2020-03-10
France,departement,Cher,0.0,0.0,,2020-03-10
France,departement,Corrèze,2.0,,,2020-03-10
France,departement,Côte-d'Or,9.0,,,2020-03-10
France,departement,Côtes-d'Armor,0.0,0.0,,2020-03-10
France,departement,Côtes-d'Armor,0.0,0.0,,2020-03-10
France,departement,Creuse,0.0,,,2020-03-10
France,departement,Dordogne,2.0,,,2020-03-10
France,departement,Doubs,52.0,,,2020-03-10
France,departement,Drôme,20.0,1.0,,2020-03-10
France,departement,Eure,11.0,0.0,,2020-03-10
France,departement,Eure-et-Loir,5.0,0.0,,2020-03-10
France,departement,Finistère,7.0,0.0,,2020-03-10
France,departement,Finistère,7.0,0.0,,2020-03-10
France,departement,Corse du Sud,36.0,2.0,2.0,2020-03-10
France,departement,Corse-du-Sud,27.0,,,2020-03-10
France,departement,Haute-Corse,6.0,0.0,,2020-03-10
France,departement,Haute-Corse,7.0,,,2020-03-10
France,departement,Gard,6.0,,,2020-03-10
France,departement,Gironde,5.0,,,2020-03-10
France,departement,Gironde,5.0,,,2020-03-10
France,departement,Hérault,40.0,,,2020-03-10
France,departement,Ille-et-Vilaine,11.0,0.0,,2020-03-10
France,departement,Ille-et-Vilaine,11.0,0.0,,2020-03-10
France,departement,Indre,0.0,0.0,,2020-03-10
France,departement,Indre-et-Loire,5.0,0.0,,2020-03-10
France,departement,Isère,3.0,0.0,1.0,2020-03-10
France,departement,Jura,6.0,,,2020-03-10
France,departement,Landes,1.0,,,2020-03-10
France,departement,Loir-et-Cher,0.0,0.0,,2020-03-10
France,departement,Loire,29.0,0.0,4.0,2020-03-10
France,departement,Loire-Atlantique,9.0,,,2020-03-10
France,departement,Loiret,7.0,0.0,,2020-03-10
France,departement,Lot-et-Garonne,23.0,,,2020-03-10
France,departement,Lot-et-Garonne,22.0,,,2020-03-10
France,departement,Maine-et-Loire,7.0,,,2020-03-10
France,departement,Manche,6.0,0.0,,2020-03-10
France,departement,Manche,6.0,0.0,,2020-03-10
France,departement,Marne,5.0,0.0,,2020-03-10
France,departement,Haute-Marne,1.0,0.0,,2020-03-10
France,departement,Mayenne,1.0,,,2020-03-10
France,departement,Meurthe-et-Moselle,11.0,0.0,,2020-03-10
France,departement,Meuse,3.0,0.0,,2020-03-10
France,departement,Morbihan,63.0,1.0,,2020-03-10
France,departement,Moselle,47.0,1.0,,2020-03-10
France,departement,Nièvre,2.0,0.0,,2020-03-10
France,departement,Nord,21.0,0.0,,2020-03-10
France,departement,Oise,152.0,11.0,,2020-03-10
France,departement,Oise,,10.0,,2020-03-10
France,departement,Orne,0.0,0.0,,2020-03-10
France,departement,Pas-de-Calais,7.0,1.0,,2020-03-10
France,departement,Puy-de-Dôme,11.0,0.0,,2020-03-10
France,departement,Pyrénées-Atlantiques,2.0,,,2020-03-10
France,departement,Bas-Rhin,104.0,0.0,,2020-03-10
France,departement,Haut-Rhin,260.0,3.0,,2020-03-10
France,departement,Rhône,60.0,1.0,,2020-03-10
France,departement,Haute-Saône,7.0,,,2020-03-10
France,departement,Saône-et-Loire,13.0,,,2020-03-10
France,departement,Sarthe,6.0,,,2020-03-10
France,departement,Savoie,4.0,1.0,,2020-03-10
France,departement,Haute-Savoie,71.0,0.0,,2020-03-10
France,departement,Paris,44.0,,,2020-03-10
France,departement,Seine-Maritime,15.0,1.0,,2020-03-10
France,departement,Seine-et-Marne,23.0,,,2020-03-10
France,departement,Yvelines,35.0,,,2020-03-10
France,departement,Deux-Sèvres,1.0,,,2020-03-10
France,departement,Somme,12.0,2.0,,2020-03-10
France,departement,Somme,12.0,2.0,,2020-03-10
France,departement,Tarn,3.0,,,2020-03-10
France,departement,Tarn-et-Garonne,4.0,,,2020-03-10
France,departement,Var,11.0,0.0,,2020-03-10
France,departement,Vaucluse,3.0,0.0,,2020-03-10
France,departement,Vendee,4.0,,,2020-03-10
France,departement,Vienne,4.0,,,2020-03-10
France,departement,Vienne,4.0,,,2020-03-10
France,departement,Haute-Vienne,0.0,,,2020-03-10
France,departement,Vosges,28.0,1.0,,2020-03-10
France,departement,Yonne,,1.0,,2020-03-10
France,departement,Yonne,6.0,,,2020-03-10
France,departement,Territoire de Belfort,52.0,,,2020-03-10
France,departement,Essone,8.0,,,2020-03-10
France,departement,Hauts-de-Seine,28.0,,,2020-03-10
France,departement,Seine-Saint-Denis,22.0,,,2020-03-10
France,departement,Val-de-Marne,31.0,,,2020-03-10
France,departement,Val-d'Oise,55.0,1.0,,2020-03-10
France,pays,France,1784.0,33.0,,2020-03-10
France,region,Guadeloupe,0.0,,,2020-03-10
France,region,Martinique,3.0,,,2020-03-10
France,region,Guyane,5.0,,,2020-03-10
France,region,La Réunion,0.0,,,2020-03-10
France,region,Mayotte,0.0,,,2020-03-10
France,region,Ile-de-France,283.0,4.0,,2020-03-10
France,region,Ile-de-France,334.0,,,2020-03-10
France,region,Centre Val de Loire,17.0,,,2020-03-10
France,region,Centre-Val de Loire,18.0,,,2020-03-10
France,region,Auvergne Rhône-Alpes,227.0,3.0,,2020-03-10
France,region,Bourgogne-Franche-Comté,147.0,1.0,5.0,2020-03-10
France,region,Bourgogne-Franche-Comté,146.0,,,2020-03-10
France,region,Normandie,39.0,1.0,,2020-03-10
France,region,Normandie,37.0,,,2020-03-10
France,region,Hauts-de-France,222.0,16.0,,2020-03-10
France,region,Hauts-de-France,209.0,,,2020-03-10
France,region,Grand-Est,464.0,5.0,,2020-03-10
France,region,Grand Est,464.0,,,2020-03-10
France,region,Pays de la Loire,27.0,,,2020-03-10
France,region,Pays de la Loire,27.0,,,2020-03-10
France,region,Bretagne,81.0,,,2020-03-10
France,region,Bretagne,81.0,,,2020-03-10
France,region,Nouvelle-Aquitaine,55.0,,,2020-03-10
France,region,Nouvelle-Aquitaine,54.0,,,2020-03-10
France,region,Occitanie,61.0,,,2020-03-10
France,region,Auvergne-Rhône-Alpes,211.0,,,2020-03-10
France,region,Provence-Alpes-Côte d’Azur,90.0,0.0,,2020-03-10
France,region,Provence-Alpes-Côte d’Azur,89.0,,,2020-03-10
France,region,Corse,42.0,2.0,2.0,2020-03-10
France,region,Corse,42.0,,,2020-03-10
France,collectivite-outremer,Saint-Barthélemy,1.0,,,2020-03-11
France,collectivite-outremer,Saint-Martin,2.0,,,2020-03-11
France,departement,Ain,26.0,0.0,,2020-03-11
France,departement,Alpes-de-Haute-Provence,3.0,0.0,,2020-03-11
France,departement,Hautes-Alpes,14.0,0.0,,2020-03-11
France,departement,Alpes-Maritimes,32.0,0.0,,2020-03-11
France,departement,Ardèche,6.0,0.0,,2020-03-11
France,departement,Ardennes,1.0,0.0,,2020-03-11
France,departement,Aube,1.0,0.0,,2020-03-11
France,departement,Aude,22.0,0.0,,2020-03-11
France,departement,Aveyron,9.0,0.0,,2020-03-11
France,departement,Bouches-du-Rhône,46.0,0.0,,2020-03-11
France,departement,Calvados,15.0,0.0,,2020-03-11
France,departement,Charente,2.0,,,2020-03-11
France,departement,Charente,2.0,,,2020-03-11
France,departement,Charente-Maritime,20.0,,,2020-03-11
France,departement,Charente-Maritime,20.0,,,2020-03-11
France,departement,Cher,0.0,0.0,,2020-03-11
France,departement,Corrèze,4.0,,,2020-03-11
France,departement,Corrèze,4.0,,,2020-03-11
France,departement,Côtes-d'Armor,0.0,0.0,,2020-03-11
France,departement,Côtes-d'Armor,0.0,0.0,,2020-03-11
France,departement,Creuse,0.0,,,2020-03-11
France,departement,Dordogne,3.0,,,2020-03-11
France,departement,Doubs,,1.0,,2020-03-11
France,departement,Doubs,59.0,,,2020-03-11
France,departement,Drôme,24.0,1.0,,2020-03-11
France,departement,Eure,14.0,0.0,,2020-03-11
France,departement,Eure-et-Loir,5.0,0.0,,2020-03-11
France,departement,Finistère,7.0,0.0,,2020-03-11
France,departement,Finistère,7.0,0.0,,2020-03-11
France,departement,Corse du Sud,44.0,3.0,2.0,2020-03-11
France,departement,Corse-du-Sud,40.0,,,2020-03-11
France,departement,Haute-Corse,7.0,0.0,,2020-03-11
France,departement,Haute-Corse,8.0,,,2020-03-11
France,departement,Gard,6.0,0.0,,2020-03-11
France,departement,Haute-Garonne,7.0,0.0,,2020-03-11
France,departement,Gers,3.0,0.0,,2020-03-11
France,departement,Gironde,7.0,,,2020-03-11
France,departement,Gironde,7.0,,,2020-03-11
France,departement,Hérault,59.0,0.0,,2020-03-11
France,departement,Ille-et-Vilaine,13.0,0.0,,2020-03-11
France,departement,Ille-et-Vilaine,13.0,0.0,,2020-03-11
France,departement,Indre,0.0,0.0,,2020-03-11
France,departement,Indre-et-Loire,6.0,0.0,,2020-03-11
France,departement,Indre-et-Loire,6.0,,,2020-03-11
France,departement,Isère,13.0,0.0,,2020-03-11
France,departement,Jura,,1.0,,2020-03-11
France,departement,Jura,7.0,,,2020-03-11
France,departement,Landes,1.0,,,2020-03-11
France,departement,Loir-et-Cher,0.0,0.0,,2020-03-11
France,departement,Loire,34.0,0.0,5.0,2020-03-11
France,departement,Haute-Loire,4.0,0.0,,2020-03-11
France,departement,Loiret,9.0,0.0,,2020-03-11
France,departement,Loiret,9.0,,,2020-03-11
France,departement,Lot,3.0,0.0,,2020-03-11
France,departement,Lot-et-Garonne,24.0,,,2020-03-11
France,departement,Lot-et-Garonne,23.0,,,2020-03-11
France,departement,Manche,10.0,0.0,,2020-03-11
France,departement,Manche,10.0,0.0,,2020-03-11
France,departement,Marne,7.0,1.0,,2020-03-11
France,departement,Haute-Marne,1.0,0.0,,2020-03-11
France,departement,Meurthe-et-Moselle,14.0,0.0,,2020-03-11
France,departement,Meuse,3.0,0.0,,2020-03-11
France,departement,Morbihan,73.0,1.0,,2020-03-11
France,departement,Morbihan,73.0,2.0,,2020-03-11
France,departement,Moselle,59.0,1.0,,2020-03-11
France,departement,Nièvre,2.0,0.0,,2020-03-11
France,departement,Oise,152.0,11.0,,2020-03-11
France,departement,Orne,2.0,0.0,,2020-03-11
France,departement,Puy-de-Dôme,11.0,0.0,,2020-03-11
France,departement,Pyrénées-Atlantiques,1.0,,,2020-03-11
France,departement,Pyrénées-Atlantiques,3.0,,,2020-03-11
France,departement,Haute-Pyrénées,1.0,0.0,,2020-03-11
France,departement,Bas-Rhin,108.0,3.0,,2020-03-11
France,departement,Haut-Rhin,359.0,3.0,,2020-03-11
France,departement,Rhône,72.0,1.0,,2020-03-11
France,departement,Haute-Saône,9.0,,,2020-03-11
France,departement,Savoie,4.0,1.0,,2020-03-11
France,departement,Haute-Savoie,72.0,0.0,,2020-03-11
France,departement,Paris,80.0,,,2020-03-11
France,departement,Seine-Maritime,16.0,1.0,,2020-03-11
France,departement,Seine-et-Marne,30.0,,,2020-03-11
France,departement,Yvelines,56.0,,,2020-03-11
France,departement,Deux-Sèvres,1.0,,,2020-03-11
France,departement,Somme,13.0,3.0,,2020-03-11
France,departement,Tarn,3.0,0.0,,2020-03-11
France,departement,Tarn-et-Garonne,5.0,0.0,,2020-03-11
France,departement,Var,13.0,0.0,,2020-03-11
France,departement,Vaucluse,4.0,0.0,,2020-03-11
France,departement,Vienne,6.0,,,2020-03-11
France,departement,Vienne,6.0,,,2020-03-11
France,departement,Haute-Vienne,1.0,,,2020-03-11
France,departement,Haute-Vienne,1.0,,,2020-03-11
France,departement,Vosges,31.0,1.0,,2020-03-11
France,departement,Yonne,,1.0,,2020-03-11
France,departement,Yonne,7.0,,,2020-03-11
France,departement,Territoire de Belfort,58.0,,,2020-03-11
France,departement,Essone,20.0,,,2020-03-11
France,departement,Hauts-de-Seine,47.0,,,2020-03-11
France,departement,Seine-Saint-Denis,29.0,,,2020-03-11
France,departement,Val-de-Marne,36.0,,,2020-03-11
France,departement,Val-d'Oise,59.0,1.0,,2020-03-11
France,departement,Guadeloupe,0.0,,,2020-03-11
France,departement,Martinique,4.0,,,2020-03-11
France,departement,Guyane,6.0,,,2020-03-11
France,departement,La Réunion,1.0,,,2020-03-11
France,pays,France,2281.0,48.0,,2020-03-11
France,region,Guadeloupe,0.0,,,2020-03-11
France,region,Guadeloupe,0.0,,,2020-03-11
France,region,Martinique,3.0,,,2020-03-11
France,region,Guyane,6.0,0.0,,2020-03-11
France,region,Guyane,5.0,,,2020-03-11
France,region,La Réunion,1.0,,,2020-03-11
France,region,Mayotte,0.0,,,2020-03-11
France,region,Ile-de-France,512.0,4.0,,2020-03-11
France,region,Ile-de-France,492.0,,,2020-03-11
France,region,Centre Val de Loire,20.0,,,2020-03-11
France,region,Centre-Val de Loire,20.0,,,2020-03-11
France,region,Auvergne Rhône-Alpes,262.0,3.0,,2020-03-11
France,region,Bourgogne-Franche-Comté,165.0,3.0,8.0,2020-03-11
France,region,Bourgogne-Franche-Comté,155.0,,,2020-03-11
France,region,Normandie,57.0,1.0,,2020-03-11
France,region,Normandie,54.0,,,2020-03-11
France,region,Hauts-de-France,263.0,,,2020-03-11
France,region,Grand-Est,587.0,9.0,,2020-03-11
France,region,Grand Est,578.0,,,2020-03-11
France,region,Pays de la Loire,34.0,,,2020-03-11
France,region,Bretagne,93.0,1.0,,2020-03-11
France,region,Bretagne,94.0,,,2020-03-11
France,region,Nouvelle-Aquitaine,72.0,,,2020-03-11
France,region,Nouvelle-Aquitaine,66.0,,,2020-03-11
France,region,Occitanie,118.0,,8.0,2020-03-11
France,region,Occitanie,87.0,,,2020-03-11
France,region,Auvergne-Rhône-Alpes,264.0,,,2020-03-11
France,region,Provence-Alpes-Côte d’Azur,112.0,0.0,6.0,2020-03-11
France,region,Provence-Alpes-Côte d’Azur,111.0,,,2020-03-11
France,region,Corse,51.0,3.0,2.0,2020-03-11
France,region,Corse,51.0,,,2020-03-11
France,monde,Monde,118628.0,4292.0,,2020-03-11
France,collectivite-outremer,Saint-Barthélemy,1.0,,,2020-03-12
France,collectivite-outremer,Saint-Martin,2.0,,,2020-03-12
France,departement,Ain,31.0,0.0,,2020-03-12
France,departement,Aisne,47.0,2.0,,2020-03-12
France,departement,Allier,1.0,0.0,,2020-03-12
France,departement,Alpes-de-Haute-Provence,4.0,0.0,,2020-03-12
France,departement,Hautes-Alpes,15.0,0.0,,2020-03-12
France,departement,Alpes-Maritimes,39.0,0.0,,2020-03-12
France,departement,Ardèche,15.0,0.0,,2020-03-12
France,departement,Aude,25.0,0.0,,2020-03-12
France,departement,Aveyron,9.0,0.0,,2020-03-12
France,departement,Bouches-du-Rhône,67.0,0.0,,2020-03-12
France,departement,Calvados,20.0,0.0,,2020-03-12
France,departement,Charente,3.0,,,2020-03-12
France,departement,Charente,3.0,,,2020-03-12
France,departement,Charente-Maritime,20.0,,,2020-03-12
France,departement,Cher,1.0,0.0,,2020-03-12
France,departement,Corrèze,5.0,,,2020-03-12
France,departement,Corrèze,5.0,,,2020-03-12
France,departement,Côtes-d'Armor,1.0,0.0,,2020-03-12
France,departement,Côtes-d'Armor,1.0,0.0,,2020-03-12
France,departement,Creuse,0.0,,,2020-03-12
France,departement,Dordogne,5.0,,,2020-03-12
France,departement,Dordogne,5.0,,,2020-03-12
France,departement,Doubs,,1.0,,2020-03-12
France,departement,Drôme,33.0,1.0,,2020-03-12
France,departement,Eure,17.0,0.0,,2020-03-12
France,departement,Eure-et-Loir,5.0,0.0,,2020-03-12
France,departement,Finistère,12.0,0.0,,2020-03-12
France,departement,Finistère,12.0,0.0,,2020-03-12
France,departement,Corse du Sud,53.0,3.0,2.0,2020-03-12
France,departement,Corse-du-Sud,50.0,,,2020-03-12
France,departement,Haute-Corse,11.0,0.0,,2020-03-12
France,departement,Haute-Corse,10.0,,,2020-03-12
France,departement,Gard,17.0,0.0,,2020-03-12
France,departement,Haute-Garonne,13.0,0.0,,2020-03-12
France,departement,Gers,3.0,0.0,,2020-03-12
France,departement,Gironde,9.0,,,2020-03-12
France,departement,Gironde,9.0,,,2020-03-12
France,departement,Hérault,65.0,0.0,,2020-03-12
France,departement,Ille-et-Vilaine,22.0,0.0,,2020-03-12
France,departement,Ille-et-Vilaine,23.0,0.0,,2020-03-12
France,departement,Indre,0.0,0.0,,2020-03-12
France,departement,Indre-et-Loire,13.0,0.0,,2020-03-12
France,departement,Isère,16.0,0.0,,2020-03-12
France,departement,Jura,,1.0,,2020-03-12
France,departement,Landes,2.0,,,2020-03-12
France,departement,Landes,3.0,,,2020-03-12
France,departement,Loir-et-Cher,1.0,0.0,,2020-03-12
France,departement,Loire,43.0,0.0,5.0,2020-03-12
France,departement,Haute-Loire,5.0,0.0,,2020-03-12
France,departement,Loire-Atlantique,15.0,,,2020-03-12
France,departement,Loiret,10.0,0.0,,2020-03-12
France,departement,Lot,3.0,0.0,,2020-03-12
France,departement,Lot-et-Garonne,26.0,,,2020-03-12
France,departement,Lot-et-Garonne,25.0,,,2020-03-12
France,departement,Maine-et-Loire,10.0,,,2020-03-12
France,departement,Manche,10.0,0.0,,2020-03-12
France,departement,Manche,11.0,0.0,,2020-03-12
France,departement,Mayenne,2.0,,,2020-03-12
France,departement,Morbihan,85.0,3.0,,2020-03-12
France,departement,Morbihan,85.0,3.0,,2020-03-12
France,departement,Nièvre,,0.0,,2020-03-12
France,departement,Nord,34.0,0.0,,2020-03-12
France,departement,Oise,194.0,14.0,,2020-03-12
France,departement,Oise,194.0,15.0,,2020-03-12
France,departement,Orne,2.0,0.0,,2020-03-12
France,departement,Pas-de-Calais,8.0,1.0,,2020-03-12
France,departement,Puy-de-Dôme,13.0,0.0,,2020-03-12
France,departement,Pyrénées-Atlantiques,7.0,,,2020-03-12
France,departement,Pyrénées-Atlantiques,9.0,,,2020-03-12
France,departement,Haute-Pyrénées,2.0,0.0,,2020-03-12
France,departement,Pyrénées-Orientales,3.0,0.0,,2020-03-12
France,departement,Rhône,87.0,5.0,,2020-03-12
France,departement,Haute-Saône,,1.0,,2020-03-12
France,departement,Saône-et-Loire,,1.0,,2020-03-12
France,departement,Sarthe,10.0,,,2020-03-12
France,departement,Savoie,6.0,1.0,,2020-03-12
France,departement,Haute-Savoie,83.0,0.0,,2020-03-12
France,departement,Paris,126.0,,,2020-03-12
France,departement,Seine-Maritime,19.0,1.0,,2020-03-12
France,departement,Seine-et-Marne,42.0,,,2020-03-12
France,departement,Yvelines,70.0,,,2020-03-12
France,departement,Deux-Sèvres,1.0,,,2020-03-12
France,departement,Somme,22.0,3.0,,2020-03-12
France,departement,Tarn,4.0,0.0,,2020-03-12
France,departement,Tarn-et-Garonne,6.0,0.0,,2020-03-12
France,departement,Var,22.0,0.0,,2020-03-12
France,departement,Vaucluse,4.0,0.0,,2020-03-12
France,departement,Vendee,5.0,,,2020-03-12
France,departement,Vienne,6.0,,,2020-03-12
France,departement,Haute-Vienne,1.0,,,2020-03-12
France,departement,Yonne,,1.0,,2020-03-12
France,departement,Essone,30.0,,,2020-03-12
France,departement,Hauts-de-Seine,59.0,,,2020-03-12
France,departement,Seine-Saint-Denis,45.0,,,2020-03-12
France,departement,Val-de-Marne,48.0,,,2020-03-12
France,departement,Val-d'Oise,60.0,1.0,,2020-03-12
France,departement,Martinique,6.0,,,2020-03-12
France,departement,La Réunion,4.0,,,2020-03-12
France,pays,France,2876.0,61.0,,2020-03-12
France,region,Guadeloupe,0.0,,,2020-03-12
France,region,Martinique,4.0,,,2020-03-12
France,region,Guyane,6.0,,,2020-03-12
France,region,La Réunion,3.0,,,2020-03-12
France,region,Mayotte,0.0,,,2020-03-12
France,region,Ile-de-France,605.0,4.0,,2020-03-12
France,region,Ile-de-France,577.0,,,2020-03-12
France,region,Centre Val de Loire,30.0,,,2020-03-12
France,region,Centre-Val de Loire,30.0,,,2020-03-12
France,region,Auvergne Rhône-Alpes,333.0,7.0,,2020-03-12
France,region,Bourgogne-Franche-Comté,219.0,5.0,11.0,2020-03-12
France,region,Bourgogne-Franche-Comté,219.0,,,2020-03-12
France,region,Normandie,68.0,1.0,,2020-03-12
France,region,Normandie,68.0,,,2020-03-12
France,region,Hauts-de-France,337.0,20.0,,2020-03-12
France,region,Hauts-de-France,349.0,,,2020-03-12
France,region,Grand Est,699.0,,,2020-03-12
France,region,Pays de la Loire,42.0,,,2020-03-12
France,region,Pays de la Loire,41.0,,,2020-03-12
France,region,Bretagne,120.0,3.0,,2020-03-12
France,region,Bretagne,117.0,,,2020-03-12
France,region,Nouvelle-Aquitaine,88.0,,,2020-03-12
France,region,Nouvelle-Aquitaine,87.0,,,2020-03-12
France,region,Occitanie,150.0,,11.0,2020-03-12
France,region,Occitanie,133.0,,,2020-03-12
France,region,Auvergne-Rhône-Alpes,329.0,,,2020-03-12
France,region,Provence-Alpes-Côte d’Azur,151.0,0.0,7.0,2020-03-12
France,region,Provence-Alpes-Côte d’Azur,147.0,,,2020-03-12
France,region,Corse,64.0,3.0,2.0,2020-03-12
France,region,Corse,64.0,,,2020-03-12
France,monde,Monde,125518.0,4617.0,,2020-03-12
France,collectivite-outremer,Saint-Barthélémy,1.0,,,2020-03-13
France,collectivite-outremer,Saint-Barthélemy,1.0,,,2020-03-13
France,collectivite-outremer,Saint-Martin,2.0,,,2020-03-13
France,collectivite-outremer,Saint-Martin,2.0,,,2020-03-13
France,departement,Aisne,50.0,2.0,,2020-03-13
France,departement,Alpes-de-Haute-Provence,4.0,0.0,,2020-03-13
France,departement,Hautes-Alpes,18.0,0.0,,2020-03-13
France,departement,Alpes-Maritimes,43.0,0.0,,2020-03-13
France,departement,Ardennes,1.0,,,2020-03-13
France,departement,Aube,1.0,,,2020-03-13
France,departement,Aude,25.0,0.0,,2020-03-13
France,departement,Aveyron,10.0,0.0,,2020-03-13
France,departement,Bouches-du-Rhône,93.0,0.0,,2020-03-13
France,departement,Calvados,32.0,0.0,,2020-03-13
France,departement,Charente,4.0,,,2020-03-13
France,departement,Charente-Maritime,23.0,,,2020-03-13
France,departement,Cher,1.0,0.0,,2020-03-13
France,departement,Corrèze,5.0,,,2020-03-13
France,departement,Côtes-d'Armor,1.0,0.0,,2020-03-13
France,departement,Côtes-d'Armor,1.0,0.0,,2020-03-13
France,departement,Creuse,1.0,,,2020-03-13
France,departement,Dordogne,5.0,,,2020-03-13
France,departement,Doubs,,1.0,,2020-03-13
France,departement,Eure,22.0,0.0,,2020-03-13
France,departement,Eure-et-Loir,7.0,0.0,,2020-03-13
France,departement,Finistère,22.0,0.0,,2020-03-13
France,departement,Finistère,22.0,0.0,,2020-03-13
France,departement,Corse du Sud,70.0,5.0,2.0,2020-03-13
France,departement,Haute-Corse,15.0,0.0,,2020-03-13
France,departement,Gard,21.0,0.0,,2020-03-13
France,departement,Haute-Garonne,25.0,0.0,,2020-03-13
France,departement,Gers,4.0,0.0,,2020-03-13
France,departement,Gironde,12.0,,,2020-03-13
France,departement,Hérault,69.0,0.0,,2020-03-13
France,departement,Ille-et-Vilaine,34.0,0.0,,2020-03-13
France,departement,Ille-et-Vilaine,34.0,0.0,,2020-03-13
France,departement,Indre,0.0,0.0,,2020-03-13
France,departement,Indre-et-Loire,13.0,0.0,,2020-03-13
France,departement,Jura,,1.0,,2020-03-13
France,departement,Landes,3.0,,,2020-03-13
France,departement,Loir-et-Cher,1.0,0.0,,2020-03-13
France,departement,Loire-Atlantique,22.0,,,2020-03-13
France,departement,Loiret,11.0,0.0,,2020-03-13
France,departement,Lot,3.0,0.0,,2020-03-13
France,departement,Lot-et-Garonne,34.0,,,2020-03-13
France,departement,Lozère,1.0,0.0,,2020-03-13
France,departement,Maine-et-Loire,13.0,,,2020-03-13
France,departement,Manche,20.0,0.0,,2020-03-13
France,departement,Marne,20.0,,,2020-03-13
France,departement,Haute-Marne,1.0,,,2020-03-13
France,departement,Mayenne,4.0,,,2020-03-13
France,departement,Meurthe-et-Moselle,35.0,,,2020-03-13
France,departement,Meuse,6.0,,,2020-03-13
France,departement,Morbihan,100.0,3.0,,2020-03-13
France,departement,Morbihan,100.0,3.0,,2020-03-13
France,departement,Moselle,114.0,,,2020-03-13
France,departement,Nièvre,,0.0,,2020-03-13
France,departement,Nord,36.0,0.0,,2020-03-13
France,departement,Oise,202.0,18.0,,2020-03-13
France,departement,Orne,2.0,0.0,,2020-03-13
France,departement,Pas-de-Calais,8.0,1.0,,2020-03-13
France,departement,Pyrénées-Atlantiques,7.0,,,2020-03-13
France,departement,Haute-Pyrénées,3.0,0.0,,2020-03-13
France,departement,Pyrénées-Orientales,4.0,0.0,,2020-03-13
France,departement,Bas-Rhin,219.0,,,2020-03-13
France,departement,Haut-Rhin,463.0,,,2020-03-13
France,departement,Haute-Saône,,1.0,,2020-03-13
France,departement,Saône-et-Loire,,1.0,,2020-03-13
France,departement,Sarthe,11.0,,,2020-03-13
France,departement,Seine-Maritime,21.0,1.0,,2020-03-13
France,departement,Deux-Sèvres,2.0,,,2020-03-13
France,departement,Somme,29.0,5.0,,2020-03-13
France,departement,Tarn,4.0,0.0,,2020-03-13
France,departement,Tarn-et-Garonne,6.0,0.0,,2020-03-13
France,departement,Var,48.0,0.0,,2020-03-13
France,departement,Vaucluse,5.0,0.0,,2020-03-13
France,departement,Vendee,6.0,,,2020-03-13
France,departement,Vienne,6.0,,,2020-03-13
France,departement,Haute-Vienne,2.0,,,2020-03-13
France,departement,Vosges,44.0,,,2020-03-13
France,departement,Yonne,,1.0,,2020-03-13
France,departement,Guadeloupe,1.0,,,2020-03-13
France,departement,Guadeloupe,1.0,,,2020-03-13
France,departement,Guyane,6.0,,,2020-03-13
France,departement,La Réunion,5.0,,,2020-03-13
France,pays,France,3661.0,79.0,,2020-03-13
France,region,Guadeloupe,1.0,,,2020-03-13
France,region,Guadeloupe,1.0,,,2020-03-13
France,region,Martinique,6.0,,,2020-03-13
France,region,Guyane,6.0,,,2020-03-13
France,region,La Réunion,5.0,,,2020-03-13
France,region,Mayotte,0.0,,,2020-03-13
France,region,Ile-de-France,876.0,,,2020-03-13
France,region,Ile-de-France,721.0,,,2020-03-13
France,region,Centre Val de Loire,33.0,,,2020-03-13
France,region,Centre-Val de Loire,33.0,,,2020-03-13
France,region,Bourgogne-Franche-Comté,272.0,5.0,15.0,2020-03-13
France,region,Bourgogne-Franche-Comté,272.0,,,2020-03-13
France,region,Normandie,97.0,1.0,,2020-03-13
France,region,Normandie,97.0,,,2020-03-13
France,region,Hauts-de-France,368.0,26.0,,2020-03-13
France,region,Hauts-de-France,397.0,,,2020-03-13
France,region,Grand-Est,910.0,21.0,,2020-03-13
France,region,Grand Est,911.0,,,2020-03-13
France,region,Pays de la Loire,56.0,,,2020-03-13
France,region,Pays de la Loire,55.0,,,2020-03-13
France,region,Bretagne,157.0,3.0,,2020-03-13
France,region,Bretagne,155.0,,,2020-03-13
France,region,Nouvelle-Aquitaine,115.0,,,2020-03-13
France,region,Nouvelle-Aquitaine,114.0,,,2020-03-13
France,region,Occitanie,175.0,,17.0,2020-03-13
France,region,Occitanie,172.0,,,2020-03-13
France,region,Auvergne-Rhône-Alpes,416.0,,,2020-03-13
France,region,Provence-Alpes-Côte d’Azur,211.0,0.0,11.0,2020-03-13
France,region,Provence-Alpes-Côte d’Azur,212.0,,,2020-03-13
France,region,Corse,85.0,5.0,2.0,2020-03-13
France,region,Corse,85.0,,,2020-03-13
France,monde,Monde,133860.0,4967.0,,2020-03-13
France,collectivite-outremer,Saint-Barthélémy,3.0,,,2020-03-14
France,collectivite-outremer,Saint-Barthélemy,1.0,,,2020-03-14
France,collectivite-outremer,Saint-Martin,2.0,,,2020-03-14
France,collectivite-outremer,Saint-Martin,2.0,,,2020-03-14
France,departement,Ain,43.0,0.0,,2020-03-14
France,departement,Aisne,59.0,2.0,,2020-03-14
France,departement,Allier,2.0,0.0,,2020-03-14
France,departement,Ardèche,20.0,0.0,,2020-03-14
France,departement,Ardennes,1.0,,,2020-03-14
France,departement,Aube,1.0,,,2020-03-14
France,departement,Aude,28.0,,,2020-03-14
France,departement,Aveyron,13.0,,,2020-03-14
France,departement,Calvados,50.0,0.0,,2020-03-14
France,departement,Cantal,0.0,0.0,,2020-03-14
France,departement,Charente,4.0,,,2020-03-14
France,departement,Charente-Maritime,25.0,,,2020-03-14
France,departement,Cher,2.0,0.0,,2020-03-14
France,departement,Corrèze,5.0,,,2020-03-14
France,departement,Côtes-d'Armor,4.0,,,2020-03-14
France,departement,Côtes-d'Armor,4.0,0.0,,2020-03-14
France,departement,Creuse,1.0,,,2020-03-14
France,departement,Dordogne,7.0,,,2020-03-14
France,departement,Doubs,,1.0,,2020-03-14
France,departement,Drôme,45.0,1.0,,2020-03-14
France,departement,Eure,25.0,0.0,,2020-03-14
France,departement,Eure-et-Loir,15.0,0.0,,2020-03-14
France,departement,Finistère,34.0,,,2020-03-14
France,departement,Finistère,34.0,0.0,,2020-03-14
France,departement,Corse du Sud,84.0,5.0,2.0,2020-03-14
France,departement,Haute-Corse,22.0,0.0,,2020-03-14
France,departement,Gard,22.0,,,2020-03-14
France,departement,Haute-Garonne,37.0,,,2020-03-14
France,departement,Gers,6.0,,,2020-03-14
France,departement,Gironde,18.0,,,2020-03-14
France,departement,Hérault,76.0,,,2020-03-14
France,departement,Ille-et-Vilaine,34.0,,,2020-03-14
France,departement,Ille-et-Vilaine,34.0,0.0,,2020-03-14
France,departement,Indre,0.0,0.0,,2020-03-14
France,departement,Indre-et-Loire,18.0,0.0,,2020-03-14
France,departement,Isère,29.0,0.0,,2020-03-14
France,departement,Jura,,1.0,,2020-03-14
France,departement,Landes,3.0,,,2020-03-14
France,departement,Loir-et-Cher,2.0,0.0,,2020-03-14
France,departement,Loire,54.0,1.0,5.0,2020-03-14
France,departement,Haute-Loire,7.0,0.0,,2020-03-14
France,departement,Loire-Atlantique,32.0,,,2020-03-14
France,departement,Loiret,17.0,0.0,,2020-03-14
France,departement,Lot,3.0,,,2020-03-14
France,departement,Lot-et-Garonne,38.0,,,2020-03-14
France,departement,Lozère,1.0,,,2020-03-14
France,departement,Maine-et-Loire,23.0,,,2020-03-14
France,departement,Manche,27.0,0.0,,2020-03-14
France,departement,Marne,21.0,,,2020-03-14
France,departement,Haute-Marne,2.0,,,2020-03-14
France,departement,Mayenne,5.0,,,2020-03-14
France,departement,Meurthe-et-Moselle,38.0,,,2020-03-14
France,departement,Meuse,6.0,,,2020-03-14
France,departement,Morbihan,106.0,,,2020-03-14
France,departement,Morbihan,106.0,3.0,,2020-03-14
France,departement,Moselle,122.0,,,2020-03-14
France,departement,Nièvre,,0.0,,2020-03-14
France,departement,Nord,39.0,0.0,,2020-03-14
France,departement,Oise,210.0,21.0,,2020-03-14
France,departement,Orne,2.0,0.0,,2020-03-14
France,departement,Pas-de-Calais,8.0,1.0,,2020-03-14
France,departement,Puy-de-Dôme,16.0,0.0,,2020-03-14
France,departement,Pyrénées-Atlantiques,13.0,,,2020-03-14
France,departement,Hautes-Pyrénées,5.0,,,2020-03-14
France,departement,Pyrénées-Orientales,6.0,,,2020-03-14
France,departement,Bas-Rhin,239.0,,,2020-03-14
France,departement,Haut-Rhin,494.0,,,2020-03-14
France,departement,Rhône,123.0,7.0,,2020-03-14
France,departement,Haute-Saône,,1.0,,2020-03-14
France,departement,Saône-et-Loire,,1.0,,2020-03-14
France,departement,Sarthe,14.0,,,2020-03-14
France,departement,Savoie,18.0,1.0,,2020-03-14
France,departement,Haute-Savoie,92.0,2.0,,2020-03-14
France,departement,Seine-Maritime,23.0,1.0,,2020-03-14
France,departement,Deux-Sèvres,3.0,,,2020-03-14
France,departement,Somme,54.0,5.0,,2020-03-14
France,departement,Tarn,7.0,,,2020-03-14
France,departement,Tarn-et-Garonne,6.0,,,2020-03-14
France,departement,Vendee,8.0,,,2020-03-14
France,departement,Vienne,9.0,,,2020-03-14
France,departement,Haute-Vienne,2.0,,,2020-03-14
France,departement,Vosges,44.0,,,2020-03-14
France,departement,Yonne,,1.0,,2020-03-14
France,departement,Territoire-de-Belfort,,1.0,,2020-03-14
France,departement,Guadeloupe,5.0,,,2020-03-14
France,departement,Guyane,7.0,,,2020-03-14
France,pays,France,4499.0,91.0,,2020-03-14
France,region,Guadeloupe,5.0,,,2020-03-14
France,region,Guadeloupe,3.0,,,2020-03-14
France,region,Martinique,10.0,,,2020-03-14
France,region,Guyane,7.0,0.0,,2020-03-14
France,region,Guyane,7.0,,,2020-03-14
France,region,La Réunion,6.0,,,2020-03-14
France,region,Mayotte,1.0,,,2020-03-14
France,region,Ile-de-France,1240.0,,155.0,2020-03-14
France,region,Ile-de-France,949.0,,,2020-03-14
France,region,Centre Val de Loire,54.0,,,2020-03-14
France,region,Centre-Val de Loire,54.0,,,2020-03-14
France,region,Auvergne Rhône-Alpes,449.0,12.0,,2020-03-14
France,region,Bourgogne-Franche-Comté,340.0,6.0,20.0,2020-03-14
France,region,Bourgogne-Franche-Comté,339.0,,,2020-03-14
France,region,Normandie,127.0,1.0,,2020-03-14
France,region,Normandie,127.0,,,2020-03-14
France,region,Hauts-de-France,463.0,29.0,,2020-03-14
France,region,Hauts-de-France,466.0,,,2020-03-14
France,region,Grand-Est,1085.0,24.0,,2020-03-14
France,region,Grand Est,1085.0,,,2020-03-14
France,region,Pays de la Loire,82.0,,,2020-03-14
France,region,Pays de la Loire,82.0,,,2020-03-14
France,region,Bretagne,178.0,3.0,,2020-03-14
France,region,Bretagne,182.0,,,2020-03-14
France,region,Nouvelle-Aquitaine,133.0,,,2020-03-14
France,region,Nouvelle-Aquitaine,130.0,,,2020-03-14
France,region,Occitanie,210.0,,17.0,2020-03-14
France,region,Occitanie,214.0,,,2020-03-14
France,region,Auvergne-Rhône-Alpes,454.0,,,2020-03-14
France,region,Provence-Alpes-Côte d’Azur,281.0,,,2020-03-14
France,region,Corse,106.0,5.0,2.0,2020-03-14
France,region,Corse,106.0,,,2020-03-14
France,monde,Monde,143247.0,5407.0,,2020-03-14
France,collectivite-outremer,Saint-Barthélémy,3.0,,,2020-03-15
France,collectivite-outremer,Saint-Barthélemy,3.0,,,2020-03-15
France,collectivite-outremer,Saint-Martin,2.0,,,2020-03-15
France,collectivite-outremer,Saint-Martin,2.0,,,2020-03-15
France,departement,Ain,52.0,0.0,,2020-03-15
France,departement,Allier,4.0,0.0,,2020-03-15
France,departement,Ardèche,24.0,0.0,,2020-03-15
France,departement,Ardennes,1.0,,,2020-03-15
France,departement,Ariège,1.0,,,2020-03-15
France,departement,Aube,7.0,,,2020-03-15
France,departement,Aude,32.0,,,2020-03-15
France,departement,Aveyron,16.0,,,2020-03-15
France,departement,Calvados,57.0,0.0,,2020-03-15
France,departement,Cantal,0.0,0.0,,2020-03-15
France,departement,Charente,4.0,,,2020-03-15
France,departement,Charente-Maritime,25.0,,,2020-03-15
France,departement,Corrèze,5.0,,,2020-03-15
France,departement,Côtes-d'Armor,4.0,,,2020-03-15
France,departement,Côtes-d'Armor,4.0,0.0,,2020-03-15
France,departement,Creuse,2.0,,,2020-03-15
France,departement,Dordogne,7.0,,,2020-03-15
France,departement,Doubs,,1.0,,2020-03-15
France,departement,Drôme,46.0,1.0,,2020-03-15
France,departement,Eure,25.0,0.0,,2020-03-15
France,departement,Finistère,34.0,,,2020-03-15
France,departement,Finistère,34.0,0.0,,2020-03-15
France,departement,Corse du Sud,93.0,5.0,2.0,2020-03-15
France,departement,Haute-Corse,22.0,0.0,,2020-03-15
France,departement,Gard,23.0,,,2020-03-15
France,departement,Haute-Garonne,40.0,,,2020-03-15
France,departement,Gers,7.0,,,2020-03-15
France,departement,Gironde,19.0,,,2020-03-15
France,departement,Hérault,99.0,,,2020-03-15
France,departement,Ille-et-Vilaine,43.0,,,2020-03-15
France,departement,Ille-et-Vilaine,43.0,0.0,,2020-03-15
France,departement,Isère,34.0,0.0,,2020-03-15
France,departement,Jura,,1.0,,2020-03-15
France,departement,Landes,4.0,,,2020-03-15
France,departement,Loire,64.0,1.0,,2020-03-15
France,departement,Haute-Loire,7.0,0.0,,2020-03-15
France,departement,Loire-Atlantique,39.0,,,2020-03-15
France,departement,Lot,3.0,,,2020-03-15
France,departement,Lot-et-Garonne,41.0,,,2020-03-15
France,departement,Lozère,3.0,,,2020-03-15
France,departement,Maine-et-Loire,27.0,,,2020-03-15
France,departement,Manche,28.0,0.0,,2020-03-15
France,departement,Marne,22.0,,,2020-03-15
France,departement,Haute-Marne,3.0,,,2020-03-15
France,departement,Mayenne,5.0,,,2020-03-15
France,departement,Meurthe-et-Moselle,60.0,,,2020-03-15
France,departement,Meuse,10.0,,,2020-03-15
France,departement,Morbihan,114.0,,,2020-03-15
France,departement,Morbihan,114.0,3.0,,2020-03-15
France,departement,Moselle,197.0,,,2020-03-15
France,departement,Nièvre,,0.0,,2020-03-15
France,departement,Orne,3.0,0.0,,2020-03-15
France,departement,Puy-de-Dôme,19.0,0.0,,2020-03-15
France,departement,Pyrénées-Atlantiques,18.0,,,2020-03-15
France,departement,Hautes-Pyrénées,5.0,,,2020-03-15
France,departement,Pyrénées-Orientales,11.0,,,2020-03-15
France,departement,Bas-Rhin,323.0,,,2020-03-15
France,departement,Haut-Rhin,688.0,,,2020-03-15
France,departement,Rhône,136.0,7.0,,2020-03-15
France,departement,Haute-Saône,,1.0,,2020-03-15
France,departement,Saône-et-Loire,,1.0,,2020-03-15
France,departement,Sarthe,19.0,,,2020-03-15
France,departement,Savoie,22.0,1.0,,2020-03-15
France,departement,Haute-Savoie,115.0,2.0,,2020-03-15
France,departement,Seine-Maritime,30.0,1.0,,2020-03-15
France,departement,Deux-Sèvres,3.0,,,2020-03-15
France,departement,Tarn,7.0,,,2020-03-15
France,departement,Tarn-et-Garonne,7.0,,,2020-03-15
France,departement,Vendee,9.0,,,2020-03-15
France,departement,Vienne,10.0,,,2020-03-15
France,departement,Haute-Vienne,2.0,,,2020-03-15
France,departement,Vosges,59.0,,,2020-03-15
France,departement,Yonne,,1.0,,2020-03-15
France,departement,Territoire-de-Belfort,,1.0,,2020-03-15
France,departement,Guadeloupe,5.0,,,2020-03-15
France,departement,Guyane,11.0,,,2020-03-15
France,pays,France,5423.0,127.0,,2020-03-15
France,region,Guadeloupe,5.0,,,2020-03-15
France,region,Guadeloupe,6.0,,,2020-03-15
France,region,Martinique,15.0,,,2020-03-15
France,region,Guyane,11.0,0.0,,2020-03-15
France,region,Guyane,7.0,,,2020-03-15
France,region,La Réunion,9.0,,,2020-03-15
France,region,Mayotte,1.0,,,2020-03-15
France,region,Ile-de-France,1209.0,,,2020-03-15
France,region,Centre-Val de Loire,71.0,,,2020-03-15
France,region,Auvergne Rhône-Alpes,523.0,18.0,,2020-03-15
France,region,Bourgogne-Franche-Comté,412.0,6.0,25.0,2020-03-15
France,region,Bourgogne-Franche-Comté,412.0,,,2020-03-15
France,region,Normandie,143.0,1.0,,2020-03-15
France,region,Normandie,143.0,,,2020-03-15
France,region,Hauts-de-France,507.0,,,2020-03-15
France,region,Grand-Est,1378.0,45.0,,2020-03-15
France,region,Grand Est,1378.0,,,2020-03-15
France,region,Pays de la Loire,99.0,,,2020-03-15
France,region,Pays de la Loire,98.0,,,2020-03-15
France,region,Bretagne,195.0,3.0,,2020-03-15
France,region,Bretagne,207.0,,,2020-03-15
France,region,Nouvelle-Aquitaine,152.0,2.0,,2020-03-15
France,region,Nouvelle-Aquitaine,144.0,,,2020-03-15
France,region,Occitanie,254.0,1.0,23.0,2020-03-15
France,region,Occitanie,243.0,,,2020-03-15
France,region,Auvergne-Rhône-Alpes,523.0,,,2020-03-15
France,region,Provence-Alpes-Côte d’Azur,330.0,,,2020-03-15
France,region,Corse,115.0,5.0,2.0,2020-03-15
France,region,Corse,115.0,,,2020-03-15
France,monde,Monde,151363.0,5758.0,,2020-03-15
France,collectivite-outremer,Saint-Barthélemy,3.0,,,2020-03-16
France,collectivite-outremer,Saint-Martin,2.0,,,2020-03-16
France,departement,Ain,59.0,1.0,,2020-03-16
France,departement,Aisne,,4.0,,2020-03-16
France,departement,Allier,5.0,0.0,,2020-03-16
France,departement,Ardèche,29.0,0.0,,2020-03-16
France,departement,Ardennes,1.0,,,2020-03-16
France,departement,Ariège,2.0,,,2020-03-16
France,departement,Aube,12.0,,,2020-03-16
France,departement,Aude,34.0,,,2020-03-16
France,departement,Aveyron,16.0,,,2020-03-16
France,departement,Cantal,0.0,0.0,,2020-03-16
France,departement,Charente,4.0,,,2020-03-16
France,departement,Charente-Maritime,27.0,,,2020-03-16
France,departement,Cher,5.0,0.0,,2020-03-16
France,departement,Corrèze,5.0,,,2020-03-16
France,departement,Côtes-d'Armor,5.0,,,2020-03-16
France,departement,Côtes-d'Armor,5.0,0.0,,2020-03-16
France,departement,Creuse,2.0,,,2020-03-16
France,departement,Dordogne,7.0,,,2020-03-16
France,departement,Doubs,,1.0,,2020-03-16
France,departement,Drôme,69.0,1.0,,2020-03-16
France,departement,Eure-et-Loir,25.0,0.0,,2020-03-16
France,departement,Finistère,35.0,,,2020-03-16
France,departement,Finistère,35.0,0.0,,2020-03-16
France,departement,Corse du Sud,102.0,7.0,2.0,2020-03-16
France,departement,Haute-Corse,24.0,0.0,,2020-03-16
France,departement,Gard,27.0,,,2020-03-16
France,departement,Haute-Garonne,47.0,,,2020-03-16
France,departement,Gers,9.0,,,2020-03-16
France,departement,Gironde,24.0,,,2020-03-16
France,departement,Hérault,109.0,,,2020-03-16
France,departement,Ille-et-Vilaine,44.0,,,2020-03-16
France,departement,Ille-et-Vilaine,44.0,0.0,,2020-03-16
France,departement,Indre,1.0,0.0,,2020-03-16
France,departement,Indre-et-Loire,22.0,0.0,,2020-03-16
France,departement,Isère,35.0,1.0,,2020-03-16
France,departement,Jura,,1.0,,2020-03-16
France,departement,Landes,5.0,,,2020-03-16
France,departement,Loir-et-Cher,5.0,0.0,,2020-03-16
France,departement,Loire,76.0,1.0,,2020-03-16
France,departement,Haute-Loire,7.0,0.0,,2020-03-16
France,departement,Loiret,32.0,0.0,,2020-03-16
France,departement,Lot,3.0,,,2020-03-16
France,departement,Lot-et-Garonne,44.0,,,2020-03-16
France,departement,Lozère,3.0,,,2020-03-16
France,departement,Marne,37.0,,,2020-03-16
France,departement,Haute-Marne,3.0,,,2020-03-16
France,departement,Meurthe-et-Moselle,66.0,,,2020-03-16
France,departement,Meuse,10.0,,,2020-03-16
France,departement,Morbihan,129.0,,,2020-03-16
France,departement,Morbihan,129.0,3.0,,2020-03-16
France,departement,Moselle,222.0,,,2020-03-16
France,departement,Nièvre,,0.0,,2020-03-16
France,departement,Nord,,0.0,,2020-03-16
France,departement,Oise,,28.0,,2020-03-16
France,departement,Pas-de-Calais,,1.0,,2020-03-16
France,departement,Puy-de-Dôme,20.0,0.0,,2020-03-16
France,departement,Pyrénées-Atlantiques,18.0,,,2020-03-16
France,departement,Hautes-Pyrénées,6.0,,,2020-03-16
France,departement,Pyrénées-Orientales,11.0,,,2020-03-16
France,departement,Bas-Rhin,354.0,,,2020-03-16
France,departement,Haut-Rhin,688.0,,,2020-03-16
France,departement,Rhône,164.0,10.0,,2020-03-16
France,departement,Haute-Saône,,1.0,,2020-03-16
France,departement,Saône-et-Loire,,1.0,,2020-03-16
France,departement,Savoie,26.0,1.0,,2020-03-16
France,departement,Haute-Savoie,126.0,5.0,,2020-03-16
France,departement,Deux-Sèvres,4.0,,,2020-03-16
France,departement,Somme,,6.0,,2020-03-16
France,departement,Tarn,10.0,,,2020-03-16
France,departement,Tarn-et-Garonne,7.0,,,2020-03-16
France,departement,Vienne,14.0,,,2020-03-16
France,departement,Haute-Vienne,2.0,,,2020-03-16
France,departement,Vosges,61.0,,,2020-03-16
France,departement,Yonne,,1.0,,2020-03-16
France,departement,Territoire-de-Belfort,,1.0,,2020-03-16
France,departement,Guadeloupe,18.0,,1.0,2020-03-16
France,departement,Martinique,16.0,0.0,,2020-03-16
France,pays,France,6633.0,148.0,,2020-03-16
France,region,Guadeloupe,18.0,,1.0,2020-03-16
France,region,Guadeloupe,18.0,,,2020-03-16
France,region,Martinique,16.0,,1.0,2020-03-16
France,region,Martinique,16.0,,,2020-03-16
France,region,Guyane,11.0,,,2020-03-16
France,region,La Réunion,9.0,,,2020-03-16
France,region,Mayotte,1.0,,,2020-03-16
France,region,Ile-de-France,1762.0,,,2020-03-16
France,region,Centre Val de Loire,90.0,,,2020-03-16
France,region,Centre-Val de Loire,90.0,,,2020-03-16
France,region,Auvergne Rhône-Alpes,617.0,20.0,,2020-03-16
France,region,Bourgogne-Franche-Comté,507.0,6.0,28.0,2020-03-16
France,region,Bourgogne-Franche-Comté,507.0,,,2020-03-16
France,region,Normandie,156.0,,,2020-03-16
France,region,Hauts-de-France,587.0,39.0,,2020-03-16
France,region,Hauts-de-France,585.0,,,2020-03-16
France,region,Grand-Est,1543.0,51.0,,2020-03-16
France,region,Grand Est,1543.0,,,2020-03-16
France,region,Pays de la Loire,109.0,0.0,,2020-03-16
France,region,Pays de la Loire,108.0,,,2020-03-16
France,region,Bretagne,213.0,3.0,,2020-03-16
France,region,Bretagne,233.0,,,2020-03-16
France,region,Nouvelle-Aquitaine,179.0,2.0,,2020-03-16
France,region,Nouvelle-Aquitaine,178.0,,,2020-03-16
France,region,Occitanie,284.0,3.0,23.0,2020-03-16
France,region,Occitanie,262.0,,,2020-03-16
France,region,Auvergne-Rhône-Alpes,618.0,,,2020-03-16
France,region,Provence-Alpes-Côte d’Azur,405.0,,,2020-03-16
France,region,Corse,126.0,7.0,2.0,2020-03-16
France,region,Corse,126.0,,,2020-03-16
France,monde,Monde,167414.0,6507.0,,2020-03-16
France,collectivite-outremer,Saint-Barthélemy,3.0,,,2020-03-17
France,collectivite-outremer,Saint-Martin,3.0,,,2020-03-17
France,departement,Ain,75.0,3.0,,2020-03-17
France,departement,Aisne,,4.0,,2020-03-17
France,departement,Allier,7.0,0.0,,2020-03-17
France,departement,Alpes-de-Haute-Provence,7.0,0.0,,2020-03-17
France,departement,Hautes-Alpes,25.0,0.0,,2020-03-17
France,departement,Alpes-Maritimes,104.0,1.0,,2020-03-17
France,departement,Ardèche,40.0,0.0,,2020-03-17
France,departement,Ardennes,3.0,,,2020-03-17
France,departement,Ariège,2.0,,,2020-03-17
France,departement,Aube,14.0,,,2020-03-17
France,departement,Aude,38.0,,,2020-03-17
France,departement,Aveyron,16.0,,,2020-03-17
France,departement,Bouches-du-Rhône,237.0,2.0,,2020-03-17
France,departement,Cantal,1.0,0.0,,2020-03-17
France,departement,Charente,4.0,,,2020-03-17
France,departement,Charente-Maritime,30.0,,,2020-03-17
France,departement,Cher,6.0,0.0,,2020-03-17
France,departement,Corrèze,5.0,,,2020-03-17
France,departement,Côtes-d'Armor,11.0,,,2020-03-17
France,departement,Côtes-d'Armor,11.0,0.0,,2020-03-17
France,departement,Creuse,4.0,,,2020-03-17
France,departement,Dordogne,7.0,,,2020-03-17
France,departement,Drôme,71.0,1.0,,2020-03-17
France,departement,Eure-et-Loir,28.0,1.0,,2020-03-17
France,departement,Finistère,43.0,,,2020-03-17
France,departement,Finistère,43.0,0.0,,2020-03-17
France,departement,Corse du Sud,121.0,,,2020-03-17
France,departement,Haute-Corse,24.0,,,2020-03-17
France,departement,Gard,32.0,,,2020-03-17
France,departement,Haute-Garonne,48.0,,,2020-03-17
France,departement,Gers,9.0,,,2020-03-17
France,departement,Gironde,34.0,,,2020-03-17
France,departement,Hérault,119.0,,,2020-03-17
France,departement,Ille-et-Vilaine,50.0,,,2020-03-17
France,departement,Ille-et-Vilaine,50.0,0.0,,2020-03-17
France,departement,Indre,1.0,0.0,,2020-03-17
France,departement,Indre-et-Loire,25.0,0.0,,2020-03-17
France,departement,Isère,44.0,1.0,,2020-03-17
France,departement,Landes,10.0,,,2020-03-17
France,departement,Loir-et-Cher,9.0,0.0,,2020-03-17
France,departement,Loire,87.0,1.0,,2020-03-17
France,departement,Haute-Loire,7.0,0.0,,2020-03-17
France,departement,Loiret,34.0,0.0,,2020-03-17
France,departement,Lot,3.0,,,2020-03-17
France,departement,Lot-et-Garonne,47.0,,,2020-03-17
France,departement,Lozère,8.0,,,2020-03-17
France,departement,Marne,37.0,,,2020-03-17
France,departement,Haute-Marne,7.0,,,2020-03-17
France,departement,Meurthe-et-Moselle,85.0,,,2020-03-17
France,departement,Meuse,18.0,,,2020-03-17
France,departement,Morbihan,132.0,,,2020-03-17
France,departement,Morbihan,132.0,3.0,,2020-03-17
France,departement,Moselle,295.0,,,2020-03-17
France,departement,Nord,,0.0,,2020-03-17
France,departement,Oise,,34.0,,2020-03-17
France,departement,Pas-de-Calais,,1.0,,2020-03-17
France,departement,Puy-de-Dôme,26.0,0.0,,2020-03-17
France,departement,Pyrénées-Atlantiques,20.0,,,2020-03-17
France,departement,Hautes-Pyrénées,6.0,,,2020-03-17
France,departement,Pyrénées-Orientales,14.0,,,2020-03-17
France,departement,Bas-Rhin,376.0,,,2020-03-17
France,departement,Haut-Rhin,700.0,,,2020-03-17
France,departement,Rhône,181.0,12.0,,2020-03-17
France,departement,Savoie,26.0,1.0,,2020-03-17
France,departement,Haute-Savoie,141.0,5.0,,2020-03-17
France,departement,Deux-Sèvres,5.0,,,2020-03-17
France,departement,Somme,,7.0,,2020-03-17
France,departement,Tarn,11.0,,,2020-03-17
France,departement,Tarn-et-Garonne,7.0,,,2020-03-17
France,departement,Var,95.0,1.0,,2020-03-17
France,departement,Vaucluse,13.0,0.0,,2020-03-17
France,departement,Vienne,21.0,,,2020-03-17
France,departement,Haute-Vienne,3.0,,,2020-03-17
France,departement,Vosges,66.0,,,2020-03-17
France,departement,Guadeloupe,27.0,,2.0,2020-03-17
France,pays,France,7730.0,175.0,,2020-03-17
France,region,Guadeloupe,27.0,,2.0,2020-03-17
France,region,Guadeloupe,27.0,,,2020-03-17
France,region,Martinique,19.0,,,2020-03-17
France,region,Guyane,11.0,,,2020-03-17
France,region,La Réunion,12.0,,,2020-03-17
France,region,Mayotte,3.0,,,2020-03-17
France,region,Ile-de-France,1240.0,,155.0,2020-03-17
France,region,Ile-de-France,2177.0,,,2020-03-17
France,region,Centre Val de Loire,103.0,1.0,,2020-03-17
France,region,Centre-Val de Loire,103.0,,,2020-03-17
France,region,Auvergne Rhône-Alpes,706.0,24.0,,2020-03-17
France,region,Bourgogne-Franche-Comté,,10.0,31.0,2020-03-17
France,region,Bourgogne-Franche-Comté,549.0,,,2020-03-17
France,region,Normandie,174.0,,,2020-03-17
France,region,Hauts-de-France,613.0,46.0,,2020-03-17
France,region,Hauts-de-France,612.0,,,2020-03-17
France,region,Grand-Est,1820.0,61.0,,2020-03-17
France,region,Grand Est,1820.0,,,2020-03-17
France,region,Pays de la Loire,,1.0,13.0,2020-03-17
France,region,Pays de la Loire,126.0,,,2020-03-17
France,region,Bretagne,236.0,3.0,,2020-03-17
France,region,Bretagne,247.0,,,2020-03-17
France,region,Nouvelle-Aquitaine,207.0,2.0,,2020-03-17
France,region,Nouvelle-Aquitaine,200.0,,,2020-03-17
France,region,Occitanie,313.0,5.0,32.0,2020-03-17
France,region,Occitanie,311.0,,,2020-03-17
France,region,Auvergne-Rhône-Alpes,710.0,,,2020-03-17
France,region,Provence-Alpes-Côte d’Azur,481.0,4.0,22.0,2020-03-17
France,region,Provence-Alpes-Côte d’Azur,478.0,,,2020-03-17
France,region,Corse,145.0,,,2020-03-17
France,region,Corse,145.0,,,2020-03-17
France,monde,Monde,180160.0,7103.0,,2020-03-17
France,collectivite-outremer,Saint-Barthélemy,3.0,,,2020-03-18
France,collectivite-outremer,Saint-Martin,4.0,,,2020-03-18
France,departement,Ain,77.0,3.0,,2020-03-18
France,departement,Allier,9.0,0.0,,2020-03-18
France,departement,Ardèche,47.0,0.0,,2020-03-18
France,departement,Ariège,2.0,,,2020-03-18
France,departement,Aude,42.0,,,2020-03-18
France,departement,Aveyron,22.0,,,2020-03-18
France,departement,Calvados,71.0,,,2020-03-18
France,departement,Cantal,5.0,0.0,,2020-03-18
France,departement,Cher,6.0,0.0,,2020-03-18
France,departement,Côtes-d'Armor,12.0,,,2020-03-18
France,departement,Drôme,77.0,2.0,,2020-03-18
France,departement,Eure,29.0,,,2020-03-18
France,departement,Eure-et-Loir,34.0,1.0,,2020-03-18
France,departement,Finistère,51.0,,,2020-03-18
France,departement,Corse du Sud,128.0,,,2020-03-18
France,departement,Haute-Corse,24.0,,,2020-03-18
France,departement,Gard,39.0,,,2020-03-18
France,departement,Haute-Garonne,57.0,,,2020-03-18
France,departement,Gers,12.0,,,2020-03-18
France,departement,Hérault,137.0,,,2020-03-18
France,departement,Ille-et-Vilaine,55.0,,,2020-03-18
France,departement,Indre,4.0,0.0,,2020-03-18
France,departement,Indre-et-Loire,36.0,0.0,,2020-03-18
France,departement,Isère,58.0,1.0,,2020-03-18
France,departement,Loir-et-Cher,11.0,0.0,,2020-03-18
France,departement,Loire,120.0,1.0,,2020-03-18
France,departement,Haute-Loire,7.0,0.0,,2020-03-18
France,departement,Loiret,37.0,0.0,,2020-03-18
France,departement,Lot,4.0,,,2020-03-18
France,departement,Lozère,8.0,,,2020-03-18
France,departement,Manche,42.0,,,2020-03-18
France,departement,Morbihan,134.0,,,2020-03-18
France,departement,Orne,9.0,,,2020-03-18
France,departement,Puy-de-Dôme,31.0,0.0,,2020-03-18
France,departement,Hautes-Pyrénées,7.0,,,2020-03-18
France,departement,Pyrénées-Orientales,26.0,,,2020-03-18
France,departement,Rhône,220.0,13.0,,2020-03-18
France,departement,Savoie,34.0,1.0,,2020-03-18
France,departement,Haute-Savoie,161.0,6.0,,2020-03-18
France,departement,Seine-Maritime,57.0,,,2020-03-18
France,departement,Tarn,13.0,,,2020-03-18
France,departement,Tarn-et-Garonne,8.0,,,2020-03-18
France,pays,France,9134.0,244.0,,2020-03-18
France,region,Guadeloupe,33.0,,,2020-03-18
France,region,Martinique,23.0,,,2020-03-18
France,region,Guyane,11.0,,,2020-03-18
France,region,La Réunion,14.0,,,2020-03-18
France,region,Mayotte,3.0,,,2020-03-18
France,region,Ile-de-France,2693.0,,,2020-03-18
France,region,Centre Val de Loire,128.0,1.0,,2020-03-18
France,region,Centre-Val de Loire,128.0,,,2020-03-18
France,region,Auvergne Rhône-Alpes,858.0,27.0,,2020-03-18
France,region,Bourgogne-Franche-Comté,593.0,,,2020-03-18
France,region,Normandie,208.0,3.0,,2020-03-18
France,region,Normandie,208.0,,,2020-03-18
France,region,Hauts-de-France,665.0,,,2020-03-18
France,region,Grand Est,2163.0,,,2020-03-18
France,region,Pays de la Loire,128.0,,,2020-03-18
France,region,Bretagne,252.0,7.0,,2020-03-18
France,region,Bretagne,273.0,,,2020-03-18
France,region,Nouvelle-Aquitaine,237.0,,,2020-03-18
France,region,Occitanie,389.0,10.0,37.0,2020-03-18
France,region,Occitanie,371.0,,,2020-03-18
France,region,Auvergne-Rhône-Alpes,858.0,,,2020-03-18
France,region,Provence-Alpes-Côte d’Azur,574.0,,,2020-03-18
France,region,Corse,152.0,,,2020-03-18
France,region,Corse,152.0,,,2020-03-18
France,monde,Monde,194213.0,7869.0,,2020-03-18
